id;app_user_id;app_user;app_password;insert_date;insert_user;update_date;update_user;oracle_uid;oracle_user;oracle_password;inactive_date;title;default_form;name;app_user_type;last_logged_resort;def_cashier_id;app_user_description;person_name_id;disabled_until;expires_on;last_logged_timestamp;is_superuser;employee_number;general_filepath;user_filepath;default_resort;max_user_sessions;internal_yn;max_checkout_days;default_terminal;default_language;dept_id;male_female;user_pbx_id;date_hired;work_permit_no;work_permit_expdate;rate_type;salary_interval;hourly_rate;weekly_salary;ot_multiplier;hire_type;rehire_yn;emp_extension;emp_pager;term_reason;terminated_date;inactive_reason_code;inactive_from;inactive_to;week_min;week_max;monday_min;monday_max;tuesday_min;tuesday_max;wednesday_min;wednesday_max;thursday_min;thursday_max;friday_min;friday_max;saturday_min;saturday_max;sunday_min;sunday_max;comments;lead_address;lead_comm;lead_address_det;laptop_id;hours_per_week;emp_status;password_last_change;password_change_days;grace_login;srep_group;default_reportgroup;authorizer_yn;authorizer_inactive_date;sfa_name;login_cro;authorizer_rate_code;login_domain;receive_broadcast_msg;default_mfn_resort;mfn_user_type;force_password_change_yn;account_locked_out_yn;prevent_account_lockout;lockout_date;access_pms;access_sc;access_config;access_eod;access_util;access_ors;access_sfa;access_ocis;access_ocm;access_oxi;access_oxihub;chain_code;app_user_uniq;max_days_after_co;user_group_admin;access_orms;access_obi;srep_code;login_attempts;property_access_yn;access_scbi;timezone_region;access_ocrm;employee_incentive_number;service_request_alerts_yn;mobile_alerts_yn
1;14833;plus;tightly past;2024-05-01;6002;2024-05-01;1980;6913;bumpy;lest forenenst strictly;2024-05-01;excellent snivel;sandblast;jeopardise cheater;past among;hence cart insignificant;22471;geez and upon;32492;2024-05-01;2024-05-01;2024-05-02;finally where amid;after overplay elegantly;clever backup familiarize;enthrone physically seemingly;when island skateboard;18256;convalesce as;13255;chastise;versus;marvelous;though whoa;4816;2024-05-01;that;2024-05-02;except keen;hie;9295;3962;7260;hmph till;industrialisation drat;carelessly;yowza frolic dangerous;royal under flat;2024-05-02;happy;2024-05-01;2024-05-02;7769;4739;7163;31509;10946;5312;17639;15826;7980;18863;28741;25391;10691;29012;30303;16804;leap;excepting;zowie rude;supposing yuck;3727;32678;lest drowse yippee;2024-05-01;21077;14214;veto weld fennel;gosh;inside ouch overheard;2024-05-02;uselessly gybe;forceful afore;on self-confidence;majestic gah outstay;familiarity drizzle among;since via ack;around alight recess;plush slang within;acidly academic;exactly around;2024-05-02;tight;crossly wherever to;what after;lazy;heaven toe supposing;field;pepper burrito;ideal dim commonly;horde;orchestra ouch;foolishly washbasin;naturally or uh-huh;reply powerfully;2486;unto;aide;yet;so willingness;29480;obsess;neutralize inasmuch informal;whoa;whether;until score;gawk kinase;reign
2;7527;correctly push understate;ack;2024-05-01;1500;2024-05-01;11394;17409;preload;spotted fanny-pack huzzah;2024-05-01;recall duh like;up amid;pace;flay;jealously thrift oh;17719;rocket;20518;2024-05-01;2024-05-02;2024-05-01;besides yet above;gosh how;mysterious;sans until;bashfully profuse aha;21909;pillory;30688;oof the onto;what;unless bunker;unimpressively yowza harrumph;25128;2024-05-02;now heartfelt well;2024-05-02;possible;apropos besides;12656;4426;23501;mix;yahoo;amidst boo;so blissful ick;woot never;2024-05-01;hmph lest ugh;2024-05-01;2024-05-02;17360;27733;24133;20976;28484;18063;21687;14279;11018;25236;21836;1601;5595;11904;12979;19850;yowza molt;whenever;whose outweigh warmly;front;9606;27191;shaker;2024-05-01;20961;4959;preregister;instead;within run;2024-05-01;gavel drat;lazily than;amongst reassuringly;mmm stale;inferior;passionate;while reproachfully;ouch nearly;whack;yippee intent ha;2024-05-01;whether oof;enclose barometer;supposing unbearably;between;tangible scientific;neat willing;pish wiggle but;peaceful ornate inasmuch;digger silt;indeed violently;geez alongside where;through;sheepishly hay ill;15291;although educated why;oof;emulate institutionalise madly;inasmuch atom low;14885;ignorance after petty;hence;rudely versus psst;ack regarding;joyfully though sonata;oof nor slash;and rightfully
3;27321;however woot murky;consul;2024-05-01;1210;2024-05-01;13488;19038;alien;petty avoid;2024-05-02;showboat;campaign likewise unlucky;round audit;legislate grind;phooey;16253;brother-in-law;1344;2024-05-01;2024-05-01;2024-05-01;illiterate;phew which terrific;bah weasel which;forestall systematize;bludgeon consequently;29648;popularise;20563;ugh spell;till joshingly before;where;wholly greatly competition;14372;2024-05-01;utterly whether if;2024-05-01;well-groomed;by ideology;30021;7128;11171;an an;unhitch off inasmuch;whenever sweet;gurgle;hm at;2024-05-02;how;2024-05-02;2024-05-01;9007;6562;8237;11483;30931;3187;25190;10519;9463;23245;24734;32716;14553;21778;517;12191;afore;joyously when ah;timeline magnify triumph;transit release pish;21717;20570;pfft logo although;2024-05-01;13258;6925;bravely finally;compassionate excluding;yahoo jellyfish sheathe;2024-05-01;domesticate;emblazon consequently;within;whose ultimately asymmetry;only genie enormously;frankly er struggle;attach;loyally;quarrelsomely incommode;once happily;2024-05-01;off vainly;despite shock wife;aboard inability;vanish;verbalise whose;mussel rhyme;seriously pish;lace um;wit on chops;unwelcome forceful;oh;given;boss whoa;11353;but evoke;quirkily;perfumed;unfortunately;3752;duh given;whoa heyday diarist;gah blissfully;where;gossip;an;geez dreamily flawless
4;6537;downright too;passport mmm;2024-05-02;4190;2024-05-01;24231;22046;because actually;needily so centralise;2024-05-02;inasmuch;whether above lazily;duh;mansard mmm comic;bony excepting;28395;yowza predetermine;22668;2024-05-01;2024-05-01;2024-05-02;torn justly yippee;equivocate phew;adorable drat hammer;house;that;26907;bog each yippee;12768;rash;ah;under thoroughly beneath;hazelnut playfully;1252;2024-05-01;now miserable;2024-05-01;beneath ack how;about;24286;28869;13306;aching;high;adjective across aha;during unless aside;robust founding urgently;2024-05-02;giraffe before;2024-05-02;2024-05-01;31940;2330;13088;28266;18327;2487;23483;25227;6127;15148;6550;28736;3195;11208;16499;1586;constant gadzooks;troubled cheerful;far-off;but pish;24211;12204;idiom drat train;2024-05-01;15409;30709;likely;till yippee wisely;rapidly even fickle;2024-05-02;wetly boo geez;readily;overstock whether whether;yearningly jail phooey;well gadzooks;instead beside;lathe yowza decorate;calmly;honorable forenenst hence;shoddy;2024-05-01;yahoo than although;aha annually large;arrogantly underneath deliberately;through provided athwart;woozy wet;inquisitively;ashtray yuck forenenst;minimise for;rudely weary abridge;kookily;depressurise;deconstruct green;at culvert zany;12340;oof tyrannise mmm;selfishly generously;easy inflation because;ignore;24679;video yieldingly;incidentally catapult con;trot;skid hm;how;zoologist apropos;gadzooks ouch
5;522;startle courageously tax;calve;2024-05-02;31244;2024-05-01;15048;3084;blah from pro;afore;2024-05-01;outpoint;partially camper;hungrily;behoove awkward wherever;overcompensate online abaft;27197;striking;25583;2024-05-01;2024-05-01;2024-05-02;sudden forenenst cytoplasm;meh;anti ripen;rework;actually;27783;catch;25549;maul zowie finally;anti;vice last;threshold oof paltry;5920;2024-05-01;fabric soldier when;2024-05-02;on kindheartedly;wherever;23041;15935;16223;till;outwit;factorise;nut piddle hungrily;bah idolize;2024-05-01;which;2024-05-01;2024-05-01;5830;21278;1986;6543;7614;11785;19912;11134;11778;6359;25596;4540;158;27218;267;30190;which behind;why scarcely;allot;without;4306;29256;mysterious;2024-05-02;6589;15109;freely;whose;replicate supposing;2024-05-01;rightfully hence around;spending huzzah extremely;into;keeper;why;sans beneath;toward;never even;and or haggle;gosh depute because;2024-05-01;tender;hmph;excepting;avaricious;hide forked urgently;acupuncture;likewise official;geez sanitise sleepy;oh;meh ew whoa;elephant before;happen;below equally;32154;given;marksman fat;through below;endpoint;19830;unaccountably fooey;icky instead;content;bah optimistically where;generously;adored;alongside retest yawn
6;27303;tall lively;advocate window however;2024-05-02;13924;2024-05-01;14037;28266;ham;potentially;2024-05-01;psst;ha only;codify pish though;finally coat;though upbeat;15100;absentmindedly;19794;2024-05-01;2024-05-01;2024-05-01;whose oh geez;hungrily dead;opposite;whether canine;joyously carload;23668;of;20100;upside-down homework unethically;daring canter ferociously;cane apud;over income mixed;8237;2024-05-01;yowza;2024-05-02;quick failing;qua charm;29707;25493;17992;provided rick;even lily extraneous;often;machine;smoothly rapidly spirited;2024-05-01;inwardly odd;2024-05-01;2024-05-02;6772;32041;28628;24387;8535;13707;26177;12423;17900;26514;22490;31434;17114;2421;22229;15664;provided for;unto;concerning;plus;8301;32004;crazy;2024-05-02;10771;13147;who venerated restfully;phew weakly normalize;coverage service hop;2024-05-01;boogeyman large;ample;intoxicate;until;synergy after;mortise encounter flaky;sweetly;bootie used;because whoever easily;borrower as raw;2024-05-02;upbeat after;pish;while and forfend;although;frank in;our faith;finally ideal upliftingly;zowie which easily;victoriously;cannibalise towards that;bossy;rocket;payment scrub sour;19964;consequently atop;fatally;finally frail until;pecan huzzah who;7849;oversee;production indeed brisk;disincentivise phony;vengeance oddly;besides;brr;useless shrill
7;28070;successfully athwart foolishly;deprave;2024-05-02;1056;2024-05-01;5911;12753;likewise;bravely movies;2024-05-02;opposite;consequently runaway instead;zowie halt into;operation aside;strip;5116;by beside playwright;19254;2024-05-01;2024-05-02;2024-05-02;besides faithfully;until deplore oat;meanwhile throughout;quixotic zowie vote;vivaciously whenever;15879;certainly drat;2711;ha ignite as;considering;seriously interesting;rocker;12156;2024-05-01;mmm gab;2024-05-01;preselect yahoo;pro gosh while;20132;29395;21245;dreamily why;burrow vest legislator;forager yahoo greedily;fooey stiff a;joyously mmm;2024-05-01;bah neighbor well-documented;2024-05-01;2024-05-01;3896;3590;22858;22885;12607;22334;10857;10400;3869;2432;22003;32005;1211;16961;20470;16821;systematise;revolve while;malign silly;phew ew;30821;4737;fatally;2024-05-01;5100;17887;knavishly;even underneath;rot scrim mom;2024-05-01;sugar scarcely;major rat;while potentially phew;furthermore whether;elegantly unnaturally;for who;towards daintily;boohoo amongst seemingly;who verbally nor;opposite;2024-05-01;pro;failing bird-watcher;clave now flippant;sometimes;underneath;woot sod onto;wrathful but amidst;advantage quietly savings;disincentivize;onto;frantically;grumpy beastie jolly;consequently;17107;rasp hm;until;wrongly;phooey from bubbly;22852;concerning blah;nervously;yieldingly ectoderm brr;trial whose outside;until exile;as lock phew;yearly glossy
8;2328;clone revere er;who;2024-05-01;20449;2024-05-01;12725;7957;fairness into motorcycle;chargesheet irrigate kindly;2024-05-02;an although;amidst;solidly defiantly;ew;blond;24182;strife;24585;2024-05-01;2024-05-01;2024-05-01;warmhearted jail frightfully;whenever mosque westernize;deceivingly;lest and;modulo whereas;4796;if purple;13148;vivaciously connive knowledgeably;phooey;co-producer noted now;apostrophize;5644;2024-05-01;cooperative near so;2024-05-01;jam with tensely;joshingly righteously;15761;23504;20114;tab;duh aha;oof uh-huh;on;amnesty strip;2024-05-02;marvelous;2024-05-01;2024-05-01;18137;26702;14714;27701;14614;21382;14674;32092;20108;9111;22241;13373;18440;17181;29669;17120;total;inside sweetly ouch;despite vacant;duh;16729;17973;in;2024-05-01;5195;26071;yum but ew;regarding outhouse;download questionably;2024-05-02;spool provided;sweaty;upside-down;finished;powerfully;scientific zowie bashfully;cleave continue oleo;broker sternly plus;relate afterwards;hatchling;2024-05-02;wherever;but but over;mmm due fund;out broadly querulous;meanwhile rat;owlishly fairly;indeed;supposing decrease;below boohoo;attempt about;but among incision;solemnize;traduce;18886;geez;node for;honestly slowly serene;robe instructive chub;3070;uniform finally;surprisingly metronome;assassinate brr flop;honestly playfully;than yearly almost;sugar;carefully whenever across
9;11200;carbonize calmly;the;2024-05-02;18733;2024-05-01;28822;23623;suitcase beseech likewise;rank yesterday plus;2024-05-01;determined geez whole;reappear circa;vice indeed since;bridge often;explode scaly however;31597;duh;2986;2024-05-01;2024-05-01;2024-05-02;wonderful consequently;frightfully but macaw;while yet;tintype governor;plus;3685;circa littleneck;23820;transliterate;underneath;pastel;how;5776;2024-05-01;aw mmm;2024-05-01;coaxingly when mumbling;until gee;2146;32447;6202;ugly overconfidently gently;pare;alongside defiantly;defendant oh;radiate phew;2024-05-01;capsize searchingly;2024-05-02;2024-05-01;25939;31085;24054;25805;10292;13577;8282;25136;29457;14403;8913;19818;31704;32092;20775;12127;pish gah;instead;junk;illness fighter amongst;29953;29571;filly violently psst;2024-05-01;24618;25511;prosecute;needily upliftingly;notwithstanding electrify;2024-05-01;aboard against where;satisfy;finally feisty;yum;basil;jealously;nestmate oof searchingly;mockingly;narrow quirkily;clueless innocent;2024-05-01;patent bah;pomegranate nearly gliding;instead prize;vice onto serenade;below around;anti;dearly deselect joshingly;boo;oblong happen enter;gleefully regulator;gladly;while shocking;harmonise for legalize;29817;zowie vastly sane;excepting;er behind beside;meteor;31553;deadly semester however;chrome;planet portray;ouch into outside;oof split;profess;finally
10;28426;forceful cygnet;knobby;2024-05-02;8831;2024-05-01;28484;5711;inside spy entire;until wicked;2024-05-02;about but out;bid sibling;ancient distinct inasmuch;patriarch periodic darken;light but seemingly;8385;frankly energy;1295;2024-05-01;2024-05-01;2024-05-02;deep whereas;longingly fervently;whenever yuck thoroughly;how;coast while;29921;gosh;2791;who yippee;male;parent;goad;9055;2024-05-01;softly;2024-05-02;even general;pink;23448;15993;18357;hence pfft until;once dwell;save;below vice inscribe;colorfully above;2024-05-01;gadzooks across;2024-05-02;2024-05-02;4459;20476;28107;8287;28429;10170;15307;18304;21897;25363;11592;13300;32497;20798;17839;11710;merchandise how;burrow waffle;stare owe promenade;around after naughty;24892;24985;circa tic frenetically;2024-05-01;457;8013;when;hesitate;for bumpy incarnate;2024-05-01;horrible;tonight;processing vice;glamorous post;restfully yahoo pollute;impassioned off attentive;until;how;easily oof;mmm;2024-05-01;once;forenenst channel handsaw;randomization handsome strictly;potentially when;whirlwind;lovable aside overeat;fondly officially;provided yieldingly;viciously weakly alongside;and against rotten;encounter wrist;grok brightly pity;to;6060;newsletter failing besides;primp sternly desert;meaningfully pertain;oof cube inasmuch;30989;indeed nicely;although supposing white;rudely;bonnet that;around ride;mushy unblock noteworthy;around though
