id;trx_no;ft_subtype;invoice_close_date;ar_transfer_date;trx_date;business_date;insert_date;update_date;trns_activity_date;approval_date;posting_date;exchange_date;routing_date;effective_date;custom_charge_date;recpt_no;trx_no_adjust;trx_no_added_by;trx_no_against_package;trx_no_header;ar_number;resv_name_id;cashier_id;credit_card_id;name_id;tran_action_id;fin_dml_seq_no;routing_instrn_id;from_resv_id;gen_cashier_id;folio_no;invoice_no;insert_user;update_user;arrangement_id;trns_from_acct;trns_to_acct;bill_no;revision_no;resv_deposit_id;link_trx_no;authorizer_id;comp_link_trx_no;mtrx_no_against_package;forex_comm_perc;forex_comm_amount;article_id;to_resv_name_id;room_nts;org_ar_led_debit;closure_no;original_resv_name_id;org_bill_no;membership_id;installments;contract_guest_debit;contract_guest_credit;contract_net_amount;contract_gross_amount;postit_no;cc_trx_fee_amount;change_due;posting_source_name_id;bonus_check_id;round_link_trxno;reverse_payment_trx_no;electronic_voucher_no;threshold_diversion_id;threshold_entity_qty;trx_no_split;exch_diff_trx_no;associated_trx_no;tax_rate;prop_charge_id;quantity;net_amount;gross_amount;cashier_opening_balance;price_per_unit;trx_amount;posted_amount;guest_account_credit;exchange_rate;guest_account_debit;cashier_credit;cashier_debit;package_credit;package_debit;dep_led_credit;dep_led_debit;revenue_amt;ar_led_credit;ar_led_debit;euro_exchange_rate;inh_debit;inh_credit;package_allowance;parallel_guest_credit;parallel_guest_debit;parallel_net_amount;parallel_gross_amount;org_posted_amount;room_nts_effective;payment_surcharge_amt;folio_view;tax_inclusive_yn;deferred_yn;ind_adjustment_yn;fixed_charges_yn;ta_commissionable_yn;tax_generated_yn;compressed_yn;display_yn;coll_agent_posting_yn;fiscal_trx_code_type;deferred_taxes_yn;advanced_generate_yn;forex_type;ta_commission_net_yn;source_commission_net_yn;settlement_flag;acc_type_flag;profit_loss_flag;proforma_yn;hold_yn;exchange_difference_yn;calc_points_yn;ar_charge_transfer_yn;processed_8300_yn;asb_flag;postit_yn;auto_settle_yn;dep_tax_transfered_yn;auto_creditbill_yn;asb_only_post_taxes_once_yn;round_factor_yn;dep_posting_flag;correction_yn;routed_yn;upsell_charge_yn;advance_bill_yn;advance_bill_reversed_yn;inc_tax_deducted_yn;gp_award_cancelled_yn;service_recovery_adjustment_yn;split_type;bucket_redemp_yn;vat_offset_yn;forex_tax_yn;stamp_duty_yn;covers;adv_generate_adjustment;exp_invoice_type;folio_type;org_folio_type;invoice_type;ar_state;exchange_type;recpt_type;room_class;resort;tc_group;tc_subgroup;trx_code;room;tcl_code_1;currency;ft_generated_type;tcl_code_2;market_code;source_code;rate_code;hotel_acct;reason_code;product;target_resort;name_tax_type;tax_inv_no;approval_code;approval_status;comp_link_trx_code;comp_type_code;coupon_no;original_room;allowance_type;adv_generate_trx_code;trx_service_type;posting_type;parallel_currency;contract_currency;fba_certificate_number;posting_rhythm;asb_tax_flag;package_arrangement_code;gp_award_code;gp_award_cancel_code;service_recovery_dept_code;bucket_code;tax_rate_type;cheque_number;passer_by_name;esigned_receipt_name;remark;reference;o_trx_desc;comments;fiscal_bill_no;ext_sys_result_msg;queue_name;payment_type;cc_refund_posting;threshold_entity_type;threshold_treatment_flag;payment_surcharge_type;property_bill_prefix;tax_elements;number_dialed;check_file_id;ext_trx_id;package_trx_type;exp_original_invoice;deposit_transaction_id
1;9280;brook an a;2024-05-02;2024-05-02;2024-05-01;2024-05-02;2024-05-01;2024-05-01;2024-05-02;2024-05-01;2024-05-01;2024-05-01;2024-05-01;2024-05-01;2024-05-01;3110;9607;278;3909;10056;18750;23688;4706;26054;24449;9483;13584;12410;9279;19466;16157;8211;168;9181;30555;23269;8665;20741;32017;23811;29252;8423;19093;31140;4861;12141;29401;2971;30646;23572;27053;7234;17678;29736;909;8553;9284;1548;14918;24696;14964;6850;26173;19729;4781;6922;26003;23124;9218;27200;20612;25083;15142;9243;18803.19;2057.17;24561.77;5681.11;26814.09;19135.4;3740.15;29434.39;19603.45;30849.87;4234.65;6694.94;29403.42;968.71;10336.04;32515.49;8206.73;29709.96;2731.94;8520.63;9052.05;32359.96;12999.69;21321.5;5185.74;13764.67;18141.62;9276.77;31529.74;20157.39;11716;negotiate;finally restate;attorney intrepid;geez;yippee oof;jazz incense unkempt;imitation;aha meanwhile quirkily;shakily ground forsaken;underneath regarding deeply;occupation annoy extremely;across;demobilise;besides;gleefully;since pace rubbery;laptop if deliberately;schedule afore generously;sick wisely yet;unlike;ah variable because;exceed safely gregarious;lest splay hmph;sniffle hourly including;arrogance quarrel furthermore;courtroom forenenst fossilise;female;project madly elated;because by snowstorm;meanwhile of;throughout;abaft as;perjure;indeed politicise;throughout abaft celebrate;yearningly concerning;distinguish labor;meh;amongst bouquet;ideal;furthermore;kindly pennant chargrill;ew oh;across;licence tensely geez;solidly rigidly;ballot snorkel vascular;qua;until;icebreaker eek;afraid why flimsy;around intently unabashedly;bulky a suddenly;lathe second;meh;mean fairy;gadzooks helplessly from;into orient dimly;within;only;before;dimly;ew;gyro;why unto smile;anguished;trivialise until;hence hybridization and;tour;spangle;stereotype;meanwhile that among;behind;pfft proximal valiantly;ick hungrily;quietly secondary factor;ah;tightly boohoo ultimately;buffet;playfully hastily woodshed;tiger;gah surprise like;arrest stratify;reinvigorate cooking far;outlive;skip;sheepishly;gaseous unto;er loyally dairy;but;dark around;yahoo deepen;carboxyl alongside;antibody after foolishly;monthly patrol submissive;once wallaby;curiously likewise;enfranchise gregarious deliberately;versus somber lest;lisp forenenst;yippee versus modulo;oncology;geez what;inasmuch joyfully grown;so yawning move;halloween;lovingly;churn;following gah;slowly;organic deposition;hmph;ack pfft depressurize;robust ah unto;concerning every;hm;after instead guava
2;3566;severity;2024-05-02;2024-05-01;2024-05-02;2024-05-02;2024-05-02;2024-05-02;2024-05-01;2024-05-01;2024-05-01;2024-05-01;2024-05-02;2024-05-02;2024-05-02;28953;5908;1009;27201;30431;2243;24258;11653;30245;19885;25929;6414;215;24326;3614;30339;18765;27366;3175;9569;25112;3717;2571;2449;640;8550;31657;26341;17081;1538;19624;2859;5358;22418;29061;31554;9968;31900;19188;18769;10660;29786;18463;328;28891;4134;5466;16467;28329;3793;13582;12075;18744;30843;13260;11672;3940;31556;28927;10395.04;5871.63;32507.16;27228.04;7731;6300.72;22460.37;12336.95;308.74;1934.79;21954.01;25226.04;5225.15;3364.5;15773.02;25647.42;22019.27;27322.95;11105.86;29571.64;229.67;29401.3;26597.63;3409.96;24117.26;30312.73;26214.83;24346.64;76.85;29868.42;16735;anklet the towards;shriek if what;recklessly;poorly;wherever sadden honored;blah;drafty prisoner modulo;oh oof;bore array;drat without;because clerk;whoever longingly soccer;food;nougat as quizzically;oh;at huzzah yuck;at ew aw;bijou;geez servant;never abaft uplift;absentmindedly boost;until;sympathetically;lest militarize sorrowful;crystallography;against;off;since consequently madly;eek;mmm astride clout;notable;underneath stultify;denigrate shear duh;bah incidentally;yahoo um;ah out;into psst tell;inside mid robust;meanwhile frightfully ha;athwart bold athwart;unless aw;legislator off hopeful;disorientate realise boastfully;control;escape afterwards boohoo;phew;sans sternly a;till smoke canter;wherever;disown;including slider lest;pfft queasily once;unlike yet greatly;to first;aha unless;near thrifty pain;inside;hm fully zowie;instead before;whoever;shallow;apud;hence indeed whenever;parallel;helmet;easily;pfft ha editorialize;upon;gah unto;once clank er;phooey vice;mediocre phone er;ouch wink down;industrialise ouch;utensil;yahoo finally;which rosy alpaca;capacity vastly;vain apropos usual;clearly;and;oof unimpressively;seldom pedestrianise;export overrate phooey;unless;video;blah normal dazzle;yieldingly;on through;indeed;merry;nor yuck sprawl;queasily uh-huh;primary powerfully;pressroom;reception;limp unacceptable hm;likely;vice;duh supposing per;embroider;minus ha finally;apropos grumpy;powerfully greatly geez;potentially;generally dehumanise;neatly supposing cloudy;phooey;as ah;macaroni;patentee;politely;when adapt immediate;demonise ack amount;considerate even;electrocardiogram down;destabilize remand eek
3;339;frantically;2024-05-02;2024-05-01;2024-05-01;2024-05-01;2024-05-01;2024-05-02;2024-05-01;2024-05-01;2024-05-01;2024-05-01;2024-05-01;2024-05-01;2024-05-02;16433;11160;17938;25874;10800;6182;11437;30479;25049;24979;12147;4423;5468;25417;3067;8707;31989;10656;12983;11699;25302;4680;14235;29393;12993;17819;28303;19250;6697;3209;30121;10388;26918;7047;4096;25287;31695;7113;29019;27624;31155;18207;17051;18386;11405;19268;16900;7535;27842;10509;19741;15758;21068;6170;27396;18095;13766;21351;11120;14991.37;16148.41;27546.19;12154.63;15242.5;27401.66;23901.11;20872.46;6498.52;24665.68;8189.12;23053.73;29011.34;14910.8;21554.92;31830.23;7419.39;19555.75;2885.21;1205.9;9567.71;21642.38;28491.36;16487;8462.56;17008.1;18487.07;58.79;802.64;6054.42;18926;yippee;boastfully meanwhile babyish;whose bah hmph;oof;spirit instantly even;but when throughout;suddenly versus delight;tag;distinct boohoo vastly;who;borrowing zowie above;who soulmate;miniaturise;absent;speak coolly so;project;shutdown;against;allocate likable more;er pish strictly;inasmuch whoa;litigate triad pfft;miserably;past;obedient;almighty;ack truthfully that;movie mid passport;frugal searchingly;deplore;and;all step amidst;banking very;excluding frightening;ack limply;bonding celebrated why;softly;microblog hence merrily;because godmother mesmerise;forewarn price whenever;whose yet enactment;macaroni ballot;fondly unethically;tensely violent;gosh;furthermore lightly menacing;vainly saddle;though agonizing;excerpt except glimpse;instead;dysfunction;thread ironclad;versus behind mmm;aw slope;pro past;ugh;minus;chief;hit astride;pause woot excepting;frogmarch seriously;coarsen ick;next;now about;which slim;instantly faucet;upliftingly jagged;on poised;yippee stifle;gah;haven masculinize er;heartbeat ugh;gee;as how;blowhole;sans;ick ack;ugh gentleman;amid;hydroxyl;ill slowly ha;unbearably prioritize adventurously;dreamily;colorfully underlie nest;obedient drat victoriously;major slim ugh;anenst but;direct;chatter fall fare;before;sparse gah borrower;naturally;eek;throughout roost lug;reluctantly never stack;across phew;alternate wobbly;fooey pfft interrelate;beside;who ugh;at whoever;bow;our;absent;hunter;onto barren oddly;wrench;yowza for ouch;apply patio;um concentrate;comport greedily;yippee quote excommunicate;weakly failing;wilted unto;yippee gee colorfully;peninsula frightfully discovery;improbable
4;26844;fuzzy absent;2024-05-01;2024-05-01;2024-05-01;2024-05-02;2024-05-01;2024-05-01;2024-05-02;2024-05-01;2024-05-01;2024-05-01;2024-05-01;2024-05-01;2024-05-02;18431;30377;26653;13019;26370;24210;20253;27440;1044;20498;32599;15010;23105;31679;25642;18773;2333;24539;4837;9642;13722;5242;12211;17075;7490;18216;28049;17859;30806;8419;28839;32274;13012;28058;29299;18999;21112;12248;29746;9604;7626;18882;783;22035;18328;28891;29022;29702;29904;4239;18010;26619;20759;4512;2384;24401;12221;7361;31050;7140.99;16916.05;13957.02;2597.11;16929.67;14811.18;26559.14;1248.55;18198.97;30342.24;17208.27;28904.01;10335.96;18090.86;1954.88;15391.87;11921.02;24306.46;5437.03;3725.82;28186.44;6445.2;9817.16;19755.68;9541.62;11822.02;27080.49;29451.37;13685.24;13261.94;16725;sleepily if;yum swath;blah per under;since toggle seclude;search amid bourgeoisie;apud internal;ream nor elaborate;pish;opposite geez in;pace programming fast;inside fervently;gadzooks about testy;norm quietly while;incidentally towards;ew about once;boohoo scornful;under;truly since;boo internalise underweight;what materialize;bundle quarrelsomely faff;yuck angrily;pioneer shirk;after yuck worthy;burdensome;hoist defiantly;secret invite carelessly;wetly fooey;grief;oof downturn;cargo accelerate usually;patiently duh exist;now polenta junker;thoughtful since optimistically;except near sympathetically;towards;install drat;which;exactly ick;ugh tailbud for;billet;international moai;which gurn;profuse;towards extremely;reassuringly beyond;ah poised;personnel oof so;geez;separate science;bourgeoisie aside;nursing;physically shake save;till;keenly;dangerous likewise;while;what;because striking;across crouch;huzzah drat;immaculate acupuncture overconfidently;superficial utterly psst;of boo nerve;agonize valiantly following;obvious;so;anenst considering intellect;eek;huzzah;joyfully border brew;bust gah;perplex clink;as;although crushing;boastfully almost;pfft overgraze until;ha;pish eek;bell;actually opposite underneath;wordy yuck;huzzah;woodchuck qua meh;major saturate ordinary;do dearly pudding;fervently glittering or;leafy rapidly;plus;consequently;ionise workforce;gadzooks supportive cannibalize;forenenst;volcano;ha;phew;diligent;coordinated;round;even whoa;mmm assimilate hm;underneath cheesecake;moulder;broken;nervously standardisation decent;woefully than lack;doubter shocking;slaw grubby unbearably;outrageous;who;flail;hence provided bulldozer;sputter silently considering;kookily blissful actual;role;now incidentally;if defenseless
5;31418;huzzah reporter;2024-05-02;2024-05-01;2024-05-01;2024-05-01;2024-05-01;2024-05-01;2024-05-01;2024-05-02;2024-05-01;2024-05-01;2024-05-01;2024-05-02;2024-05-01;22872;20573;1527;29720;7489;804;4209;26781;14388;21358;679;16111;10187;32101;32033;7882;368;6958;26432;12490;22831;2504;18345;30919;28160;30170;9127;18466;20252;14333;16238;1656;17516;7532;19877;27746;26370;19573;20877;11337;28843;30973;1615;26412;10726;1339;17059;7157;32257;6998;31428;28378;17797;20189;1889;11062;5333;16562;30523;31037.42;29025.3;20147.42;30915.91;16005.26;26588.79;25988.49;23634.6;32587.34;8838.94;19269.4;32606.4;15709.65;16365.22;20756.37;17823.08;8737.3;13132.22;22278.01;13510.53;6696.99;28698.24;14950.76;2037.67;22951.47;20046.86;7511.65;8519.75;16452.38;22003.74;2673;that;contain joyous;into print;yield;via;through with;coolly;carelessly;tribe;coerce indeed;if although boo;rightfully;recruit round;given whose;blah;yowza braai naive;circular consequently fully;whereas ugh;crossly fruitful this;nor residue;hence rapidly;outrageous;knavishly;than whether;robust;mid whose surmise;devoted inundate;unloose;meow famously;outside delete or;dimly given complicated;gee pfft;solidly upliftingly provision;pish officially perturb;deceivingly yippee;timetable above;or yet countermand;apprentice;weakly;while blah;airlift litmus;than;ultimately fatal;via;actually than pfft;abort;trouble raise;supposing once beneath;oh doubtfully scruple;astride throttle;ha seriously;fairly;vivacious victoriously;gee;dialect broadly;er apropos finally;above shut clobber;likewise buttonhole;enormous chopstick which;hmph;need;low entreat;but boohoo;how into how;whoa incidentally shuffle;stimulate sans badly;ah supposing;vendor long-term;defiantly wherever;boohoo which victoriously;yuck because;phooey majestically;insecure;limestone;off;plywood wrought moderate;cavernous incompatible;up;recorder;suet gratefully;furthermore than suspiciously;squabble although to;bust;ugh with;hence now weird;subsidize highly;ick;asparagus;withstand jumpy;yieldingly separately tam-o'-shanter;executor;migrate;prompt display;till aside blah;oof wink;frightfully besides;key;yuck yippee pond;once adventurously;vice concerned ew;inasmuch;extremely facility;gah rely;per;incidentally;once agitated excepting;geez picnic;weak past;what soggy rosy;huzzah;belong well-made;by blah merry;zone;without;irritating wherever joyfully;yuck surprisingly circa;lopsided
6;2652;declutter hence;2024-05-01;2024-05-02;2024-05-02;2024-05-02;2024-05-02;2024-05-01;2024-05-01;2024-05-01;2024-05-01;2024-05-02;2024-05-02;2024-05-01;2024-05-01;31290;22512;25747;2297;22771;13367;3188;4105;12661;31275;22429;20627;20948;22091;12166;26290;25836;31227;18920;3259;17948;18529;9013;10238;4156;14537;16440;14434;873;1465;8539;3597;1081;15373;15560;6519;25073;15603;32637;12426;14;732;19237;16662;20332;1657;6290;18171;9800;23389;6830;32194;8064;28048;20652;14582;32686;18964;6279;15183.48;23255.03;28610.93;8859.64;21259.89;31643.68;20840.91;24588.01;20098.62;5012.64;32380.11;3702.28;9347.87;11889.76;17502.1;13780.77;25990.46;25841.32;7161.82;9544.44;29200.7;27866.88;28056.83;19489.72;19621.7;10944.06;8433.18;20860.06;7595.7;4420.84;4935;survivor and nocturnal;however;mom;talkative;clobber;cruelly welcome;however overburden into;coolly yahoo;defrost wrinkle oddly;once;nor querulous;for;effectiveness meanwhile on;bronze;whenever warlike;cutlet ew firebomb;bah even college;adventurous although youthful;constant;pro;greatly boo;beggar aged;grandiose format;an geez conformation;mid;royal what adjure;bubbly;bottom during drat;light unlike cupola;interestingly hopelessly;valiantly outlying hm;usually;phew;mistake;toddle;but;predispose next sans;by;network stale pace;easily node;on yahoo;reverse atop pro;mine pro mmm;whistle;quote um;modern;hmph fish gah;vitamin;duh behind plait;by;substitute;cappuccino jockey so;pit;forenenst corduroy;when agree during;pish;blah talkative through;whoever though;coarse kissingly ack;throughout;lumpy next depression;zowie vapid surprised;trapdoor drat;qua gosh;correctly miniaturize times;dear;cargo;drat check mitigate;hmph at grotesque;eclipse artistic;phew;uncle;enlarge times psst;greedily gee;infuriate feel;unsightly meanwhile valiantly;motion rigidly;boo;wire gynaecology faraway;ugh ack defend;neighboring;inscribe;quixotic;venom forenenst uh-huh;pilot runny;meanwhile off-ramp;off next;willfully event;ah rigidly though;off endow;astride rotation gosh;spook characterization;fatally;bias;longingly;why;valiantly;commerce closely gorilla;athwart immaculate untried;above up;upbeat little;integration;insubstantial;into;raw lettuce calculus;atop but;anything viciously thick;interrelate um oh;scarily;deceivingly atop after;lode clearly briskly;deeply rudely;given splendor;duel who around;atop like;beneficial;physically general
7;22448;yum;2024-05-01;2024-05-01;2024-05-01;2024-05-01;2024-05-01;2024-05-01;2024-05-01;2024-05-01;2024-05-01;2024-05-01;2024-05-02;2024-05-01;2024-05-01;4854;8194;29657;26434;23783;31480;11557;31912;8575;2224;21779;23946;21227;8029;26260;30623;11165;6978;3813;26250;25262;3241;15929;5747;12337;3926;279;28623;10761;3464;14643;24324;24840;25756;19118;9205;22231;12077;7139;14907;14401;4609;13407;7228;25035;27663;28628;15223;10251;24041;5178;17894;28324;14823;1413;32269;5619;7068;8323;30376.02;5830.69;9114.19;6738.14;28747.09;12542.13;3317;30052.06;27671.23;29564.49;1984.03;26844.3;25781;31343.84;7370.27;31363.57;16583.27;31215.91;29365.63;32578.59;439.08;26720.06;19193.65;15696.55;4493.74;21511.71;29747.63;13850.46;10894.03;5923.57;21857;lightly;boo;than times;thirsty per meek;tall geez;irritably really inwardly;past powerful;like shakily;apud fava except;furthermore utilisation statin;fertilise different dreary;lest without;broadly boastfully;but gracefully;pheromone;consequently low;minus whoever coinsurance;hence amongst fondly;brave out detour;soft sightseeing hmph;custom;boo shun overrule;instead hmph;indeed;active bikini;hm barring unbearably;upright atop;bankbook;nice;ouch;upright after;obi ack conspire;jubilant edge;agile;phew handgun why;yum hence ugh;tousle chauvinist moderate;debit ick dim;milk in drawl;a;colorize;than digitalise mocha;fondly follower;near;whoa yet ouch;busk annually;compete response;tremendously;phew aha;desecrate strong;plus;woot alongside enthusiastically;modulo;righteously quizzically straight;than hour;misinform;snarf questionably;freely pristine;despite;valet apud yahoo;boo;graft invalidate like;power boo;greedily prestigious bah;waste skean;atop excitedly;sentence beside beard;ouch legalise under;smash;past;oof onto;gadzooks sink that;dearly;far vastly headline;till hospitalize;generally;boo;exist;above;blindly boo whoever;what reminisce;overconfidently;though demarcate;uh-huh;enormously besides gosh;enjoyment frigate glaring;energetic;likewise woot;drat;orange anti yowza;tomorrow;because toward;milky;ick well;warm;wildcat anti;before hoof;after beyond;brr;schlep;breakable;aw negative few;lovingly er;yum;consequently total;plastic mistrust push;aged minus huzzah;broker until;unabashedly provided questionnaire;now judgementally;gosh beyond honestly;as;sell;pollutant spectacular fortunately;woot;when;tart oh inquisitively
8;26998;doubtfully pish;2024-05-02;2024-05-02;2024-05-02;2024-05-01;2024-05-01;2024-05-01;2024-05-01;2024-05-01;2024-05-01;2024-05-01;2024-05-01;2024-05-01;2024-05-01;16412;25590;30998;27487;10801;21658;19713;22483;285;31609;19717;5729;25886;11550;4710;7972;14866;5385;209;19472;22209;5965;6924;3431;13569;21904;24246;9391;31240;28721;20946;2003;28247;27342;1148;21260;15522;30573;11806;26573;6859;13679;18048;19062;23065;16003;30919;3886;30243;20807;30771;7270;5946;7143;24128;11935;2039;23626;13242;30971.19;4063.21;18017.79;28779.91;28913.01;10484.68;25090.71;22937.51;24374.69;18097.75;8886.11;27179.78;29801.78;6759.53;3638.31;30017.81;3852;27265.38;25927.57;10340.58;13382.1;5255.31;19120.89;4661.58;21851.8;2814.57;4832.25;15125.78;22743.75;5358.66;22754;shine aha ugh;ha;bleakly gosh;which;amusing appropriate sousaphone;since bathtub loftily;poorly tenderize ha;as absent;developing;filly atop gee;earnest or verbally;fortunately besides;righteously gah;quizzically ha pfft;popular unless;witty underneath;ha;jovially;which sandpaper;next;fixed outgoing;drat disarmament;bleakly righteously lovable;tenant onto;save;up above harpooner;dissuade;whoa boo reel;winged provided meanwhile;worth meaty what;oh supposing;less thankfully;though;pish partially;loftily;geez;gentle;idle blah excitable;usually failure;but pfft;excluding wonder gee;furthermore ew swift;indeed or helplessly;ill-informed inculcate;um aw triumphantly;ballpark off linear;backspace what rein;ugh;beside;briefly;usually;duh;whether;pace;although correctly;so;ew;into;clobber gosh;psst;roughly;ack;onto psst given;barring down platelet;worthy;sternly;curl aboard;over lock tensely;likewise;enthusiastically;overconfidently yourself;pfft before victoriously;dimly ostracise section;vaguely cope;unaccountably hence;amid that;finally;crowd situate;useful ha promptly;update;till new certainly;hyphenate;so;sough following;ornate phooey yet;quake successfully;waffle hatbox inspection;wherever now;vice shocking;till;eek besides given;missile;nix tremendously too;serene;since fries;yowza;which unless;and jump after;buttonhole plus;emulate;party;yet corrupt;dangerous;yippee if;switch;ecliptic gadzooks ecclesia;unabashedly economy;ugh;puritan resolve big;invasion courageously;bitterly below;so;limply;indolent monthly;wholly;subcomponent;aha
9;1246;pish fantastic remake;2024-05-01;2024-05-01;2024-05-01;2024-05-01;2024-05-02;2024-05-01;2024-05-01;2024-05-01;2024-05-02;2024-05-02;2024-05-02;2024-05-02;2024-05-02;15721;5110;16710;18456;20786;16768;24847;22782;10201;4768;30589;32590;15528;7591;32115;378;22424;22122;745;24670;21208;7576;23376;8905;6856;17227;14142;25120;6415;25462;4764;20432;16777;9022;12604;24446;17533;29407;28339;24382;5087;7553;26463;32302;22119;29477;7286;22077;11321;15109;24031;20981;2323;13073;18689;19574;21258;4241;30321;17243.84;28759.24;19557.17;406.57;24535.93;22960.16;19663.33;15150.1;11543.35;22613.64;1793.82;16479.53;8139.38;1346.78;22384.12;1833.76;22175.52;21175.84;16379.55;1797.94;8756.55;8557.56;6465.08;26104.36;24310.09;24007.85;26863.27;23590.63;30784.54;17056.58;6829;zealous;woodwind micturate;since;bias roof;opposite comfortable;furthermore;pro ah instead;mooch millimeter gah;pupa tomatillo deify;antique whoa whispered;at;steep;blah prestigious for;solace but ouch;since lovingly;crayon;gee visible;walrus;whether;woot chop;whenever;measly finally;elated likewise pay;beautifully;substance yowza;clover once lightly;through huzzah;even;unused subtle identical;immediately;legalise outfit;square aha;accidentally aboard closely;through foal;nurse upliftingly;lest;spring;gray oof grandpa;retake seal aboard;insistent however consequently;beneath site aw;inside yahoo;saint yippee phew;outlandish once;following only picnic;instead fact pish;rudely;instead;wherever;crumple;what over;unimpressively;failing;furthermore demanding lest;major overgeneralize inwardly;joshingly correctly;following;until height into;commend gratefully excepting;adventurous ew;official;foolishly paralyze;that brooch;dreamily twang;ew resonate;beside;anenst disallow wheat;given warmly context;surrender cook past;near;zowie beautifully;zowie oof;yet;plus;hesitate lovingly likewise;until when cassock;above patrol glittering;that interest;sack partition;if plant;snappy;excepting appetizer;wherever;solidly wish midst;for;vengeful;gee gee;hybridize infantile yum;useful sensitise;drat ha;nationalize ah;sweetly;mmm;insecure questioningly;mid;perfectly;on or per;interestingly;healthily tenet congregate;athwart million delay;oh gee healthily;brr contractor;leather impolite phooey;partner condition mandate;ugh;obscure after;stride light;reiterate;daintily;or utilized disagree;bold;challenge reflecting;warlike;valiantly indeed outgoing;adult but;before likewise;whenever
10;20346;ugh damaged;2024-05-01;2024-05-01;2024-05-02;2024-05-01;2024-05-01;2024-05-01;2024-05-01;2024-05-02;2024-05-02;2024-05-01;2024-05-01;2024-05-01;2024-05-02;6341;1346;7594;5124;343;7045;24746;25135;6015;27050;13170;31866;30750;17417;11574;3709;14806;6593;17695;27212;14078;20466;8775;4409;10462;1579;6945;25938;17252;2944;18847;1004;2439;25536;10558;24087;17733;30214;24336;16696;23498;11908;9716;1276;32547;30301;23016;5399;4934;32726;12815;13710;10366;17696;6036;5677;13529;8962;6605;2182.91;16679.04;10036.32;24688.74;12588.68;24207.98;7844.32;14645.88;18544.11;18073.98;16014.69;26505.55;30211.41;13875.52;5133.27;2773.19;3736.9;5515.94;3134.79;3379.68;17964.86;31670.8;19163.08;16606.17;21387.2;31583.71;23071.28;15420.56;28992.16;11379.74;23810;now anenst;judgementally drat furthermore;transcript speedily;unlined;yuck brr;fibrosis soothe;regarding;across feminize eek;ew realistic before;rampage adept broker;max;how;pard bah;inside;fluff consequently;curtailment till;blindly why;ha ack ugh;consequently whoa;zowie or;zowie yippee;commiserate;as;ew monument;off huzzah periodic;upon worriedly;across sensitize whoa;riffle;consequently movies;that hitch;carter;indeed;till ew;nor employee woot;limping worth worth;fooey qua;gah espadrille corral;ack however;stream supplant among;yahoo;ick whether;fondly daffodil yawningly;phooey fairly betoken;even;enraged desolate;pessimistic smoothly;like descend mime;opposite personality excoriate;atop quirkily;stare cannibal ouch;scarily;old clang queasily;misapply purr;bruised amid;exorcize;along;yippee whoa;surcharge;so seemingly;jealously unless by;ouch;commonly mortally duh;cautiously;finally abnormally;rhubarb;ah even meet;jubilantly er plus;before upliftingly;bah fatherly wildly;yieldingly fax;as;left;however phew;evacuate quadrant;which through however;supposing on;that questionably;during windage;outside blah void;how;feed anchored;silo qua given;connect beneath minus;frightfully given;ugh memory reading;deeply culminate apud;fitness amble;flickering;belabour;pfft huzzah;descent plus;succeed carelessly phooey;absent unlike helpfully;sans frosty variability;notwithstanding;blissfully since obvious;stomach musty unimpressively;dramatic grit;unnaturally height;shade within hound;brr;before;cast;commonly worth;urgently even because;yippee profitable;as separately as;dip;pro kindly abaft;briskly;blindly;up fully pish;little gah;lavish;gadzooks irritably dearly;whip;out
