id;name_id;name_code;insert_user;insert_date;update_user;update_date;primary_name_id;repeat_guest_id;mail_list;mail_type;follow_on;business_title;inactive_date;arc_update_date;update_fax_date;birth_date;collection_user_id;company;sound_ex_company;legal_company;first;middle;last;nickname;title;sound_ex_last;external_reference_requ;vip_status;vip_authorization;billing_profile_code;rate_structure;name_comment;tour_operator_type;region;type_of_1099;tax_1_no;company_name_id;external_reference_required;vendor_id;vendor_site_id;arc_office_type;tax_2_no;arc_mail_flag;name_2;name_3;salesrep;tracecode;geographic_region;guest_classification;primary_address_id;primary_phone_id;tax_exempt_status;gds_name;gds_transaction_no;nationality;language;salutation;passport;history_yn;resv_contact;contract_no;contract_recv_date;acct_contact;priority;industry_code;rooms_potential;competition_code;jhi_scope;scope_city;territory;actioncode;active_yn;master_account_yn;name_type;sname;name_tax_type;sfirst;ar_no;availability_override;billing_code;cash_bl_ind;bl_msg;currency_code;commission_code;hold_code;interest;summ_ref_cc;iata_comp_type;srep_code;accountsource;markets;product_interest;keyword;letter_greeting;influence;dept_id;department;contact_yn;account_type;download_resort;download_srep;download_date;upload_date;laptop_change;crs_nameid;comm_pay_central;cc_profile_yn;gender;birth_place;birth_country;profession;id_type;id_number;id_date;id_place;id_country;udfc_01;udfc_02;udfc_03;udfc_04;udfc_05;udfc_06;udfc_07;udfc_08;udfc_09;udfc_10;udfc_11;udfc_12;udfc_13;udfc_14;udfc_15;udfc_16;udfc_17;udfc_18;udfc_19;udfc_20;udfc_21;udfc_22;udfc_23;udfc_24;udfc_25;udfc_26;udfc_27;udfc_28;udfc_29;udfc_30;udfc_31;udfc_32;udfc_33;udfc_34;udfc_35;udfc_36;udfc_37;udfc_38;udfc_39;udfc_40;udfn_01;udfn_02;udfn_03;udfn_04;udfn_05;udfn_06;udfn_07;udfn_08;udfn_09;udfn_10;udfn_11;udfn_12;udfn_13;udfn_14;udfn_15;udfn_16;udfn_17;udfn_18;udfn_19;udfn_20;udfn_21;udfn_22;udfn_23;udfn_24;udfn_25;udfn_26;udfn_27;udfn_28;udfn_29;udfn_30;udfn_31;udfn_32;udfn_33;udfn_34;udfn_35;udfn_36;udfn_37;udfn_38;udfn_39;udfn_40;udfd_01;udfd_02;udfd_03;udfd_04;udfd_05;udfd_06;udfd_07;udfd_08;udfd_09;udfd_10;udfd_11;udfd_12;udfd_13;udfd_14;udfd_15;udfd_16;udfd_17;udfd_18;udfd_19;udfd_20;payment_due_days;suffix;external_id;guest_priv_yn;email_yn;mail_yn;index_name;xlast_name;xfirst_name;xcompany_name;xtitle;xsalutation;sxname;sxfirst_name;last_updated_resort;envelope_greeting;xenvelope_greeting;direct_bill_batch_type;resort_registered;tax_office;tax_type;tax_category;preferred_room_no;phone_yn;sms_yn;is_protected;xlanguage;market_research_yn;third_party_yn;autoenroll_member_yn;chain_code;company_group_id;include_in_1099_yn;credit_rating;title_suffix;inactive_reason;iata_consortia;psuedo_profile_yn;profile_privacy_flg;replace_address;alien_registration_no;immigration_status;visa_validity_type;id_document_attach_id;super_search_index_text;birth_date_str;orig_name_id;d_opt_in_mail_list_flg;d_opt_in_market_research_flg;d_opt_in_third_party_flg;d_opt_in_autoenroll_member_flg;d_opt_in_email_flg;d_opt_in_phone_flg;d_opt_in_sms_flg;d_opt_in_guest_priv_flg;ar_credit_limit_yn;profile_credit_limit;xmiddle_name;e_invoice_liable_yn;e_inv_liable_last_updated;internal_bill_yn;comp_pre_approval_required_yn;anonymization_status;anonymization_date
1;22087;oof beside intently;21618;2024-05-02;9773;2024-05-02;31117;drat;huzzah kookily till;try;far infuse;while psst;2024-05-02;2024-05-01;2024-05-01;2024-05-01;15205;agonizing;regularly drat over;platinum;and if blossom;finally how;complexity;chowder queasily;ick ack;boohoo regarding;elegant;pungent;nominate;adjective;bashfully repeatedly pish;bitter cautiously whose;kissingly;aw;bronze;carefully almost furthermore;24896;relinquish;9169;18498;hm;brr waylay hmph;box barter where;discount jump;eek however greedily;mockingly enormously entrap;repel;if;licence jogging eek;6203;20865;osmosis;speedily supposing;slumber enormously shimmering;supposing;for ugh;gleefully fetch;goose;helplessly investigator for;breakfast;sure-footed;2024-05-02;altruistic;gadzooks;ack;forenenst;collapse waltz;reluctantly feed;uh-huh lumpy;kindheartedly modulo;stable;carpenter yet;around enthusiastically;only;despite;phew as provided;cruel;kookily;seemingly fresh;fast;some;joyously unto;XPF;impartial;qua;incidentally;dead ew;before outfielder phew;absent harp;among;aboard cytoplasm;overheat;pfft yuck;sandbag;kid boo;selfishly;among;unaccountably;until during;redraft;16613;2024-05-01;2024-05-01;22912;11149;hourly;aw evenly ick;pro;inter afore highly;curiously sheepishly eek;hospitalize operator repel;steep outside;choose barring;2024-05-02;downright where;er untimely;yearningly pace;yum wearily;triumphantly;meh finally arrogantly;ew;urgently;prickly;whose till;impressive honored consequently;tricky;subgroup curtsy consequently;before woot unwritten;aha;treatment quarrelsomely fooey;yearly lambaste past;aboard;ick refer;sweltering provided swindle;never;phooey whereas;demilitarize aggressive;cautiously;officially;bleat bah;kneecap excepting;pish whether furthermore;round;theft because ambitious;yippee um ugh;along;provided pill mid;behind;encash if;parliament;brr;and sans;righteously rainy hemorrhage;till among apropos;and ick;along repress;29740;19345;6611;16380;5053;3282;17418;5554;18757;5046;28097;16589;1120;3338;8385;10144;14359;9023;1015;19036;12768;23583;849;13710;20401;32577;5593;8159;14557;21486;13867;31176;10598;31227;15169;25461;4866;6713;24639;5417;2024-05-01;2024-05-01;2024-05-01;2024-05-02;2024-05-01;2024-05-02;2024-05-01;2024-05-02;2024-05-01;2024-05-01;2024-05-01;2024-05-02;2024-05-02;2024-05-01;2024-05-01;2024-05-02;2024-05-01;2024-05-02;2024-05-01;2024-05-01;3037;boo yahoo lasting;incommode intermarry interesting;frightfully;revolt why;after and;which;gadzooks towards;geez marsh well-groomed;pace loathsome;switching from;recast;plump healthy;over yahoo;noisily brick;afore wherever recklessly;inquisitively;positively;practise if yesterday;stepping-stone boo;mechanically pendulum;smart;quirkily;if;careen whenever;ugh;scarcely seriously even;who excepting;loud hmph;aw via;because;within unsightly partner;um midst once;but;31975;busily;aha but deceivingly;bah;whereas;cub huzzah midst;briskly prostacyclin proposition;detainment;finally decline;31912;bah import;nicely;4103;gleefully perfect;during whoever er;generalize;whenever;lost;limply;spot winter;good;smock;5341;well-documented frankly fondly;longingly recur;2024-05-01;unless;psst duh consequently;pentagon;2024-05-02
2;29137;safely through;12111;2024-05-01;12217;2024-05-01;17240;gadzooks;via indolent contraindicate;gee accusation;repentant for screamer;whenever without and;2024-05-01;2024-05-01;2024-05-01;2024-05-02;13375;outside;ouch qua gee;pfft disperse eek;deceivingly zowie whether;gadzooks since;sandbar opposite;loll brr;erosion;more smug;er;via playful;so phooey molecule;toward;bah mostly parody;seemingly;barring fritter;mess yuck only;for;oh;30956;or always epee;4433;9891;even personalise cluttered;hourly melon rare;meanwhile ill-fated indeed;coddle thick;ah than;indeed;indeed unless bivvy;yahoo before;yet questionably;2186;26029;finally temp intellect;truant recklessly;considering blowgun readily;kind vaguely;sadly unless;regarding few chowder;rat geek spectrograph;gallery off;psst titillate;geez drool;2024-05-01;elite uh-huh;woot unethically rider;when gadzooks;so instil ugh;voluminous;anxiously;birdbath when;forbear stark furthermore;oval and;solemnly tingling lord;crushing although;whose upon;rosy aside;upbeat;amid superiority equally;whoop punctually;manner;uh-huh ouch famously;objectify during;stealthily;AWG;yippee;illumine;woot accessory;inasmuch hungry debut;briskly;dependent;unusual;patiently;rudely frightfully wetly;hm striped very;musty um;about;aw psst;heavenly criminal fiesta;decorate;duh hourly through;lest from whoever;10716;2024-05-01;2024-05-01;3840;10061;yowza happily whoa;voluntarily;aboard playfully;weep prescribe than;of;majestically dibble beautiful;ew minus;regarding;2024-05-01;nullify entice switch;streamline;mutate absent yowza;blissfully mangrove by;yowza;neatly idolized despite;despoil;along;polliwog across;or;universe certainly;yowza lest;atop;penguin;swim;excitedly;rectify explore bravely;animated joshingly;requirement upliftingly;almost scowl;opposite redistrict;phosphate;statistics incidentally;tremendously;within;er;except restart likewise;wordy fur yowza;misty;each;screenwriting abrogate whereas;naughty whether wow;along;um fooey mmm;unless;dancer good-natured;lapdog;barring zowie uselessly;since and master;pain boohoo;through;prestigious;19085;8642;17101;7158;24664;6275;26240;14417;13244;12685;29721;9425;21670;4947;10974;9121;10645;28004;15499;31824;15739;15294;16463;14035;16538;31412;32193;13465;10449;14539;9078;5286;4295;16333;462;27340;22922;10892;13094;25254;2024-05-02;2024-05-02;2024-05-01;2024-05-01;2024-05-02;2024-05-01;2024-05-02;2024-05-01;2024-05-01;2024-05-01;2024-05-01;2024-05-01;2024-05-02;2024-05-02;2024-05-02;2024-05-01;2024-05-01;2024-05-01;2024-05-02;2024-05-01;2557;psst briefly layer;than founding huzzah;weepy;loosely overburden fortunately;ack;demur that;while lean;wisely unconscious near;however;furthermore sometimes hmph;wassail upon;gutter slide;for;politely outgoing;incidentally riposte coast;uh-huh;sternly;high modulo energetically;decamp;when failing bespeak;voluntarily blah amidst;unlike;upon tight spinach;hitchhike stir-fry;loathsome flimsy;putter ah;pish;ringed packet invalidate;industrialise oof;till adaptation;splice peek decisive;reassuringly;by puppy instead;16273;hungry because gadzooks;bah justification aw;how amidst outsell;quickly coyote;support woot really;unhealthy royal;court;before;24338;anxiously;standardize juggernaut down;14259;around;livid;what indeed;shimmy;dislocate;cyclone;thatch versus third;though since;hint whoever absent;2532;about whoa needy;gadzooks along appall;2024-05-02;amid;frightening demand vain;yum skive;2024-05-01
3;16103;valiantly a;6351;2024-05-01;27428;2024-05-01;27435;joke;whimsical aha;ouch;phooey evenly;ew quarterback;2024-05-01;2024-05-02;2024-05-01;2024-05-01;8978;save for;apud repulsive;poor behind;ew;hug tankful restfully;boo bracket;clerk calmly;whether belated transport;woot vice;upon unimpressively;cake thicken unto;takeover;bountiful midst;dramatic until;password;apropos worse;maternity crest;like hm that;protect;31468;disconnection;6964;20353;biplane;gah except;lest trained bouncy;insist so;from quintessential;where;until excepting;whenever excepting;atop aboard;16423;3216;putrid dutiful when;breakable out unhand;whoa anxious in;whoever trait nor;charming whenever lest;from;lacquer often ouch;soon furthermore unwilling;display;for;2024-05-02;extroverted ultimately;new when wisely;muddy urgently;processing oof lest;dog;circa deflect ouch;showy rupture;grub zealous;whose indeed taut;before multimedia;unimpressively warmly;extirpate;aha;before;geez bicker;than;yahoo including sturdy;pumpkinseed;prospect slot jovially;torte huzzah;TOP;amazing hybridization once;murky from yet;cream spirited;annually;as eek silky;elementary soon splendid;beside;minus excise;capitalise anenst quicker;blur;including;whenever;since;sure-footed hence for;painfully assembly until;heavily honestly prudent;even;13959;2024-05-01;2024-05-01;31789;2499;hence discrete;release generously tight;celebration boldly;mmm interchange hence;defiant reek hmph;canalize nationalize behind;clothing well-worn times;keenly hm eek;2024-05-01;gadzooks;truthfully;what;phew utterly unaccountably;after laud;yet um deejay;scarily;next hmph cation;challenge attached till;aha;righteously;whether;mention stutter;intrigue phew gibber;active blond athwart;brr blah hound;expectorate amid;hm why and;front glorious;few lest yearly;ah printer;gracefully ligate;abaft wherever;sizzling midst tack;unto invigorate;decisive;whenever immediately;last patiently;coaxingly over;excepting likely in;loyally unaccountably spiteful;tile while;since;round;gracefully;versus forenenst;detailed as to;hence;smoothly;recklessly;gather ha;instead;12438;29334;6454;16102;28753;9052;14468;13173;31142;29335;16125;28698;3428;858;26360;30939;18058;29391;30026;13642;25786;25655;26897;27169;29792;543;4725;3793;31459;29564;29120;4618;9998;22356;9644;11458;24307;17768;22774;23966;2024-05-02;2024-05-02;2024-05-01;2024-05-01;2024-05-01;2024-05-01;2024-05-01;2024-05-01;2024-05-01;2024-05-02;2024-05-01;2024-05-02;2024-05-01;2024-05-02;2024-05-01;2024-05-01;2024-05-02;2024-05-01;2024-05-01;2024-05-02;8191;splendid;what seemingly;suspiciously;antique recuperate;next sleepy;vacant;dreamily considerate impossible;shrilly atop;past ew;atop apud;strictly;although responsible leveret;so instantly;curvy;similarity phooey;buzz;except;unfortunately;at;outside meanwhile;fiery jangle;within;bulky powerfully;storey;burrow duh confidentiality;autograph;scarily apud;off brightly;significance gadzooks;men cultivated;remarkable under decontrol;bill;yawningly after deliberately;25261;forenenst stimulating;zesty treasury;amid appertain;circa tingling unless;continually consequently;misreport during hydrate;last absolute slouch;ack poorly;24821;perfect superficial;cube courageously esteemed;12157;successfully;brightly airspace yum;weary a before;that via qua;partially quarrelsomely;step-brother lumpy writhing;whoever;seriously;mortally whoever gadzooks;6716;angrily;awe;2024-05-02;as bedrock flippant;shield careless furthermore;between fast;2024-05-02
4;26636;mmm at till;17500;2024-05-01;1201;2024-05-01;8017;isogloss failing without;patrimony hive become;ouch mid positively;worriedly herbs;auction bad fringe;2024-05-01;2024-05-01;2024-05-01;2024-05-02;14197;significance worth;at;because enthusiastically;meager diction er;um sweet;thrill loyal;catsup;equal after;ack;but;kiddingly pep;wide-eyed;brutalise buy;drat wherever;relent harmless;weekend incidentally;for pulse whenever;powerfully drain;overreact;25339;notwithstanding ha;29993;3687;phooey halloo;leafy;misty instead psst;high;atop;concuss wrongly carjack;cute kindheartedly per;knobby fearful until;waterspout;1447;4007;deploy repair;equal seeder;bah um across;margarine yippee;who speedboat vouch;citizenship;minister;pendant potential throughout;triangular than but;before because;2024-05-01;gladly;yowza;closely piddle;huzzah numeric once;the bumper;although despite if;onto permit shatter;tasty detective;partially meh;shadowbox aha prestige;but solid fossilize;ramie but euphoric;vibraphone legitimize whereas;duh than;always instead;markup;tabulate oof;hip televise;amidst or;furthermore drat;USD;paint including even;selfish ha naturally;rapidly;communicant standing;alarmed whenever;meanwhile timely;judgementally;courageous outpoint hopelessly;urgently unlike jubilantly;however;designer nor;incidentally;entertainment and;an unless;that larder;indeed after;politely;9662;2024-05-01;2024-05-02;12;6951;huzzah who given;despite that triumph;arid;mild;briefly since;unless;enroll unnaturally;represent;2024-05-01;bah forenenst;absentmindedly times;mechanically brr;yippee huzzah;investigator what;versus though;luxury;standardize;which careful;than disable;aside heartfelt as;cage takeover;alarmed;nervously excepting;consequently riverbed pay;nicely;monthly;since ack painfully;expire drizzle;every muscle hence;sardonic though;red negligee on;versus of vice;affix;bleakly ew;tomography jealously improbable;since ugh bathrobe;incident even linear;counselor variant reminisce;hatbox;both;voluntarily unless vulgarise;tame worriedly;next belabor;blaze spatter robust;out pleased chipmunk;sure-footed but dine;psst wisely even;surprisingly bumpy give;nor;psst bubbly drat;huzzah prizefight;27076;2745;18287;26519;1796;9141;22737;14613;21624;1616;21052;892;28730;9216;5306;21594;25410;1967;11792;22853;15773;9903;30949;22732;27135;25301;13850;28020;29605;8537;21114;22690;1637;19125;1098;16944;31653;13119;15495;2316;2024-05-02;2024-05-02;2024-05-01;2024-05-02;2024-05-01;2024-05-02;2024-05-01;2024-05-02;2024-05-02;2024-05-02;2024-05-01;2024-05-01;2024-05-02;2024-05-02;2024-05-01;2024-05-01;2024-05-02;2024-05-01;2024-05-02;2024-05-01;22354;night;concentrate;valentine whup matrix;gosh empty;rectangular regularly;till;hungry initialise slow;gadzooks;upon without;earnest oxidise duh;amongst or expropriate;mean;dim;celeriac;webbed;endothelium normalisation;ethnicity;forenenst agreeable;toward;coarse how originality;sadly diligent boo;till;blah;slapstick;destock apud vermicelli;unfortunately female;marshmallow lean obediently;ah invite;tranquilize distinguish;restfully;overfly developmental;indeed worm meanwhile;aw correctly tile;19911;feminise during cruel;never;strict finally;install;weighty through vice;under;strict tremendously;consequently;12456;boo smooch while;upliftingly;30356;whereas besides;in naughty;astride failing oddly;vice;elixir narrative;exhaustion;through slow meanwhile;wait readily disinfect;zowie underwriting;26967;even considering;bah;2024-05-01;revascularisation;quizzically forenenst;whopping;2024-05-02
5;23830;eek;26591;2024-05-02;15039;2024-05-01;3649;direct frightfully;slippery towards mochi;gambol swiftly;summarize unemployment;kindly whereas story-telling;2024-05-01;2024-05-01;2024-05-01;2024-05-01;18354;coolly since;roller pulverize fulfill;wordy rarely carelessly;board during;hm reassuringly;flustered up;running limply;afore;because likewise;never;ah until;accidentally briefly;hmph;unhealthy ew faithfully;stunt;monthly female furthermore;lazily interchange;fiery coincide what;nor angora;730;redirect hourly subject;18392;23389;manhunt wig after;but;squirrel dental stud;colorfully gruesome;equally catch constant;at across;jaggedly supposing considering;geez bah enclave;serum stray thankfully;8077;29412;geld finger segregate;ferociously now;duh gee frugal;hmph metamorphose;tarry round prudent;hmph woot;cafe;evade by unwieldy;positive tremendously afore;beyond bright;2024-05-01;sparse;gifted saint;meteorology inhabit cleverly;but;beloved down till;sweetly;attorney geez hm;icky guilty eyeliner;certainly;gosh questionably furiously;delve;equally behaviour apud;stitch;prize pocketbook huzzah;um meh;disappear;rice versus;geez unless;how;viciously gosh wrought;BHD;along;neatly;amidst massive;regulate regarding;apud indolent;invoke;hm finally;suspenders timbale thoroughly;beyond factor furthermore;punctually indeed exactly;phew;alongside;useless pro;webinar clef;drat molecule aggressive;yawningly spherical ululate;nor suckle campanile;20229;2024-05-02;2024-05-02;32331;7146;regularly till forceful;howard dam blackboard;selfishly boohoo wobbly;geez pumpkin;spiffy relegate;how etch;deliberately ensure;happy hunger starve;2024-05-02;amidst ziggurat glittering;barring;wherever mob;sans apropos camp;kindly skin;persuade;throughout;pet first;bias;heartbeat;mishandle boom meh;deployment to deify;towards minister;nick;grotesque;why;spandex passion countryside;vastly prey;charger negative conspire;never;neaten before nervously;serpentine;until;heal diabetes;now;bustling amazing;prevail psst;now without;glossy;occur ritual who;bluff tart;after innocently;finish;green;mundane geez ick;bewail gee;brr ensue canoe;than;armour genre lucky;mid those;anonymize unbearably complex;ah disdain;15945;30518;30104;13333;4982;31959;22690;5299;16458;26912;10267;503;27995;18525;10079;31230;22159;22690;27792;1967;772;24195;24402;26172;30414;26081;13902;16269;28439;7407;21817;23908;28177;8755;15453;31465;16349;26899;1707;9939;2024-05-01;2024-05-01;2024-05-02;2024-05-01;2024-05-02;2024-05-01;2024-05-01;2024-05-02;2024-05-02;2024-05-01;2024-05-01;2024-05-02;2024-05-01;2024-05-02;2024-05-01;2024-05-01;2024-05-02;2024-05-01;2024-05-01;2024-05-01;21056;unlike gripping;poem inquisitively gyro;ugh concerning;vengeful wide literate;frenetically clamor;gladly grateful somewhere;construct headrest;like save optimal;bitten beneath;sans without slim;while amid;via inasmuch pfft;chassis oof before;barring vastly;impartial harness;sorrowful;fax;border;what than portly;hone;although exactly;although reassert barring;editorialise;attempt;against sudden;indeed oh;where outside modulo;offset;ouch qua gosh;orient for plagiarise;willfully;arctic;like whenever;12770;hm;side supposing;beside whether nifty;huzzah;lowball acidify;puppy oof;even duh;good duh wherever;21540;aha electric;whoever borrow zowie;7214;drat;whoever;er;plus rethinking;kookily alongside when;phooey circa which;perfectly blah;um hence anenst;abaft atop;6654;dune with geez;vice while be;2024-05-02;forestall ornament;instead for oof;unacceptable aw;2024-05-01
6;20080;frog prestigious before;10681;2024-05-01;21003;2024-05-02;9661;fooey ransom;quickly anti;jostle mankind till;down;that;2024-05-02;2024-05-02;2024-05-01;2024-05-01;28488;quixotic congress sans;educated excepting;necessary of platypus;unripe info however;relaxation duh;truly however raccoon;sleek gosh average;meh expectancy exhilarate;boohoo clearly;coordinated muscat;operating whose bamboo;oh;bravely absent minus;whereas smoke brr;disguised;shyly;cold congress;meh beyond;foregather ripple whoever;3742;whoa duh rotate;7759;28152;circa while alert;knowledgeably appliance;filibuster;inasmuch;upward lawful;uh-huh sake;machine;purple of superficial;compartmentalize;16194;16994;nurture illustrate yahoo;oof likewise;fat reproachfully incidentally;milky amidst;larch ultimately seldom;versus until;boar mysteriously as;where bleed export;bah;string;2024-05-01;old;feed acrobatic within;cartoon consequently than;pish;gosh ah zigzag;toothpick;whenever belabour stretch;triad ha;trumpet uh-huh into;gleefully classic boo;than;times sternly;upward;fooey deafening unless;brr boo cockroach;bitter;majestically;enormously frigid for;meter;hoof owlishly wholly;MZN;understatement satin winding;anti whereas optimistic;how defiantly trivial;clumsy;grizzled;whoa duh;as gee;um;vacuum;uniform;concrete perfectly;design nor cheery;unlike likewise;high;incidentally clamp fortunately;who yet shed;pro countryside aha;6678;2024-05-01;2024-05-01;24295;4602;mmm boastfully;if squiggly;evergreen aching sleepy;meal smite fervently;finally necessary;wherever upset healthily;oh even;ah;2024-05-01;hence;huzzah;gosh than partially;ah;sideline yahoo;slippery award;geez unabashedly;demonize brook;whose;from moustache;before who aw;till who while;afore;warrior meh deliver;frankly around terribly;given rapidly;plus furthermore;loftily through;galvanise;hourly pish;inquisitively ha madly;thoroughly or;optimistically yowza around;near at sarcastic;convoke generously fatigues;mostly yum;boohoo an;versus politely forenenst;shiny;quarrelsomely apud mouton;thirsty weakly meh;willfully;perch apropos;spy;beyond;sleepily;runny so;angry;ouch;around;shoddy ferociously;comfortable obediently;23626;17305;31464;32056;11494;10463;31805;32749;12423;24189;32057;28145;27942;27823;2410;8256;18040;1096;29601;29964;30337;5040;14862;4201;27525;29196;23177;14957;15029;24486;14989;18248;2046;30675;28420;22468;2825;16765;15894;30;2024-05-02;2024-05-02;2024-05-01;2024-05-02;2024-05-01;2024-05-02;2024-05-01;2024-05-01;2024-05-01;2024-05-01;2024-05-01;2024-05-01;2024-05-01;2024-05-02;2024-05-01;2024-05-02;2024-05-02;2024-05-01;2024-05-01;2024-05-02;1949;alter joint;gosh yahoo fail;judicious until manacle;crawdad;tremendously powerful enlist;whenever orderly quizzically;fleck punctually;queen ornery wit;around upon brief;warmly legal regarding;carry;regularly stimulus lavish;though found wing;brightly pro;compromise;beside elaborate;haw;bob;frail;huzzah afore swoosh;eagle;when;appraise cuddly knowledgeably;psychologist;or underneath;sheepishly between moral;bah shadowy;afore off pile;charbroil supposing;another;yippee yet whenever;below;sass;22986;enshroud beautifully pita;till phooey;gosh though hmph;once;supposing;statin;yum;unload for;4447;yahoo because er;worth;1613;frightfully annually sure-footed;unusual um consequently;sans mysteriously by;gosh;ha print;overspend defy blah;abaft commandment outgun;apropos tussle indeed;aboard gee;17475;concerning longingly;that cite furiously;2024-05-01;or;across tag;ugh lazily;2024-05-01
7;7350;for brr;2362;2024-05-01;7436;2024-05-02;4408;differentiate;vice consequently imaginative;unfortunately termination sportsman;until beside qua;pace;2024-05-02;2024-05-02;2024-05-02;2024-05-01;27135;fanlight ratepayer;yippee who;meh;inasmuch;awful;leaflet swank diminish;elliptical odd;noisy pace;delayed;erupt excitedly impractical;whether;whose vastly;genuine psst;whoever accomplished duh;garment whoever;mobilise;than athwart doubtfully;revel miniature across;equally;9168;dearly;19999;7797;multicolored after;belated;passenger;or yum underclothes;gadzooks along uncomfortable;bewitch gah yuck;practice over through;that;if round whoa;9771;22930;oh till loudly;consequently;as;blah perpetrate;ick mmm circa;stark toward carrier;once;cowboy;elegant resurrect anenst;ha clover;2024-05-01;yearly ack;given;failing parcel now;lest search;scheme;round as to;than below;brr;statue ultimately course;on don;barring;unto;superintend;tenderise minus;silly;although late avow;zowie;balls spare;unfortunately welcome woot;patiently knuckle awkwardly;OMR;hmph gosh;unbearably gracefully;overprint considering;derogate;deeply any;that shell whose;aha obediently;save;wiggly however;pong jovially;redress even;yuck;inch even;zither plus;thick geez;artifact inquisitively worth;against disarrange;17337;2024-05-01;2024-05-02;26714;11840;bravely;ouch;internal scarily until;mild a;unnaturally fortunately hmph;though;pish;below down;2024-05-01;as notwithstanding foolishly;once burrow;status cluster commercial;but;marines fooey;the;worriedly;esteemed bah yahoo;commonly;until yak crisp;likewise very;on;amongst trusting;yesterday seemingly wildly;spouse;cria media;weakly relaunch intuition;twin;boo yippee;smolt;versus;when serious;degree horseradish;loudly;embarrassed;second-hand;hew append memorable;pore boohoo;verdict instrumentation;diligently since;pharmacopoeia versus voluntarily;soup;yippee;truthfully;rightfully sunset last;fondly pointless;minute;reiterate meh;enormously brain;understanding yum;where stained;as lest;4251;4191;8492;8096;31010;23789;27566;30608;31481;4700;18370;22573;23376;23637;9765;6641;10889;24974;9512;17265;22996;14181;31996;31487;2322;18586;3518;28747;2975;5379;18225;3269;12345;2790;15682;17637;135;28623;14799;5501;2024-05-01;2024-05-02;2024-05-02;2024-05-01;2024-05-01;2024-05-01;2024-05-01;2024-05-02;2024-05-01;2024-05-02;2024-05-02;2024-05-01;2024-05-01;2024-05-01;2024-05-01;2024-05-01;2024-05-02;2024-05-02;2024-05-01;2024-05-01;27305;following perpetuate ensconce;yum;script nice;under externalise;supposing finally;thorny eel;unknown;yum;whether;planet;phooey arcade macro;under;within until;loudly finally;scaffold;as;phew without;whether fooey before;tower silly;weepy jittery inexperienced;question;buttery accident ogle;shrilly unnecessarily for;quietly mosey reduce;difficult ferociously dimpled;switch specialize ice;longingly incidentally enchanted;rigidly butcher;questioningly victorious accidentally;adored angstrom;pfft quote thoughtful;consummate;headlight hm;10139;supposing;stir;aha;coaxingly;beyond mixed excitement;near eager worth;stunning tough daily;patiently revolving;5134;grown segregate;frightfully cute;20731;what however;rope furthermore;mysteriously yowza;material duh;saxophone;stamina coolly;fidget;ouch flat rent;upon;6720;upon but;sympathise row;2024-05-01;geez offensive;co-producer ah outside;pfft incidentally;2024-05-01
8;5939;like;4425;2024-05-01;17725;2024-05-01;18712;compartmentalise aha;anenst pure;buzzing now;save easily frilly;plagiarize;2024-05-01;2024-05-01;2024-05-02;2024-05-01;18518;worse deliberately meh;beside sailing;lest;ack;whereas;huzzah absent rush;over;brilliant;meh composed;novel quarter trooper;homework;aboard;sympathetically able;besides;whup;wherever pfft;sleepily;whose likewise;thrill consequently whereas;32598;vacantly energetically;1509;8281;to lest;around;honorable how hmph;idealize;shortwave ugh;white;outstay youthful um;vagrant frizzy;but pish;16021;27797;brain coolly slog;down innovate;silent gosh;loyally bogus evaluate;yum yearly;circa finally;clearly;yum until;grumpy reassuringly;front taco;2024-05-02;yet startle;normalisation than;as;syndicate trinket;heirloom of per;mainland wheat unimpressively;transit;loosely live;ugh;besides as big;around hence;psst loftily;pish pish kindheartedly;mysterious toward;deduction yuck;concerning juicy;embossing monthly;helpless quirky frightfully;forenenst outlandish;dovetail;TOP;anti pace amid;fearless;feel;disruption per yum;trial;fatal;conviction;around;anti;soften ew afore;crisp triumphantly afterwards;condemn enumerate knavishly;deflect;who unexpectedly;dismal mysterious;nit alternative;meh hm;4543;2024-05-01;2024-05-01;4847;18061;bonk amidst;anchor yuck;legitimate badly hmph;whoa wherever;declination until;out abaft while;when toward;ouch pseudoscience;2024-05-01;kissingly;cassava eek;hence;discount that yahoo;hmph poverty jaw;succour;hence negative;as playfully gifted;boohoo straight wholly;onto midst;jealously ugh sharp;jagged;gosh;condor;midst kindhearted;via;aw lest;gah blah;meanwhile;absent infantile outside;inquisitively though;so reasonable;for swiftly reluctantly;socialise if;greatly upholster;rash while;gosh oh;a notwithstanding;hm unless generously;unwitting whenever idolized;cemetery like crushing;like unto knowingly;nation deceivingly;scented;lean calendar;pineapple;outside inside phew;secondary;jealously quizzically yet;yuck charter ghost;usually zowie;recruit waft nor;9469;8829;4774;13732;6770;32135;13559;7148;15272;30575;16387;26524;25315;20874;255;15153;25402;944;13955;10662;17480;10468;32279;1820;16128;29871;10793;4403;1439;20841;18760;9390;21971;11472;9213;24738;28752;19225;18993;28421;2024-05-02;2024-05-01;2024-05-01;2024-05-01;2024-05-02;2024-05-01;2024-05-01;2024-05-02;2024-05-01;2024-05-01;2024-05-01;2024-05-01;2024-05-01;2024-05-01;2024-05-01;2024-05-01;2024-05-01;2024-05-01;2024-05-01;2024-05-01;8133;toilet hook commonly;but ick how;energetic phase sugary;optimistically;frenetically sweatsuit permafrost;circa wherever dull;clear at;whose;analgesia boo haversack;rug around beneath;harness;chargesheet selfishly upliftingly;than;actually with;apropos;glass telescope mmm;generously anti now;hm softly;frantically general;duh;fishing;ew an;worthwhile;as major-league of;or within;which under;predate nor probability;nervously trade lest;self-confidence display;frequent vast;braise;whereas;aw claw;7485;gah some disqualify;active;ah rudely;speedy till glance;selfishly;sans valiantly;midst villa;ack per;9303;trowel;lever tomorrow;24807;stamina;yowza detest;across underneath gosh;yet gah;robust creator optimization;tomorrow plus noisily;since battle;yuck bias;whose whereas weaken;16928;ouch and geez;hastily present foolishly;2024-05-02;trustworthy;why next;what whether distant;2024-05-01
9;5733;bah swimming fooey;15809;2024-05-02;23513;2024-05-02;30680;cue;titanium;barley regarding;psychoanalyse;psst;2024-05-01;2024-05-01;2024-05-02;2024-05-01;32480;shape disqualify;owlishly;dead pleasant;duh remarkable over;gee decree nearly;shallows;deafen;law span;truthfully throughout now;lock manner;phew fooey latter;svelte what;low monthly till;yowza afore;nod;hairy hence delightfully;consequently wound;oh obediently;wildly notebook efface;3876;likewise indeed;2776;22847;never selfishly delayed;amidst blah but;cling apud;tenderly furthermore gee;peacoat warlike;donkey next;indeed huzzah through;midst;consequently subsidiary;9247;29982;rubbish psst;suppress lined;geez ew;pond guerrilla;next;amid;ikebana tricky opposite;although properly provided;shaker;fooey boolean;2024-05-01;tranquillize;aw knottily daybed;finally;of vengeance likewise;antique what any;eek;lean zowie;centralise consequently consequently;unto yearningly delightfully;moisten actualize overspend;unto immunize;sadly next grout;overdue elliptical phew;ironclad muster;nice unto;coolly conspire;fang doubtfully costly;caddie tart forecast;release tender incidentally;what um fossilise;ANG;brr shine whenever;stuff dimly;busily ack afterwards;notwithstanding;gee now colour;monthly phew;trouble;amid weapon pfft;geez fondly across;gosh;powerfully bah darling;obediently yet comport;purple;outnumber shallot eviscerate;during zowie;until;mutter um;13716;2024-05-01;2024-05-01;18532;25067;whoever;hm forceful;lift empty;tangle;frankly;polarize;which fooey warm;summon scheme furthermore;2024-05-01;whose burning barstool;fragrant;cover;now beside readily;qua hype founding;next;besides;nasal mastermind;pish complete;coordinate;separate;ha;lasagna;absent honestly luxuriate;over aha;implant apropos;hmph till;because;harpooner even;ample stream luxurious;muted;conscious corny;decelerate cheerfully;when excepting as;colorfully gah displace;gain;warn absent;upchuck why;brr;agitated provided;slop drat gah;tarmac that;tweak though intensely;unibody;verdict incidentally palatable;limp;even even obliterate;debug whoa modulo;fair wherever;yowza;yet evolution indeed;but;6849;32309;12106;27840;26892;8310;14212;6547;18251;21081;25971;16182;15167;8984;8145;6479;5642;16401;1945;10559;4891;4921;31736;7993;31557;28145;29126;1326;32282;6681;1267;24035;22075;29121;31762;20912;12657;3069;8206;9012;2024-05-01;2024-05-01;2024-05-01;2024-05-01;2024-05-02;2024-05-02;2024-05-02;2024-05-01;2024-05-01;2024-05-01;2024-05-01;2024-05-02;2024-05-02;2024-05-02;2024-05-01;2024-05-02;2024-05-02;2024-05-01;2024-05-01;2024-05-02;2987;eek;gateway till perk;offensively incidentally;regulator;ick;transaction;dual plop geez;ugh whoa;yell;delayed orchestrate;zowie appliance;soulful;sweat fast glamorous;evil stone aboard;loftily part intersperse;bubbly;peaceful overlook secularise;dory and;exist whoever;moonwalk;amongst gosh supposing;beneath;in frightened which;inset;harmless;uneven;jolly;via trophy;rundown twitter;disconcert hurry;before upon rayon;whereas gosh upon;hold hypochondria whenever;2970;while conscious;plus until;likewise oof optimistic;from duh stab;surroundings anti;bankrupt;population far-off dependable;yet;7381;fortress;programming;27166;generally about;fooey er puritan;incidentally aside;below gee;favour where;scarcely unsettle;empathize anti;gah definitive challenge;because instead yearly;16225;extinguish;surface ew;2024-05-02;until geez oof;songbird worth;hasty reunion;2024-05-02
10;11998;caution phew for;29744;2024-05-01;31954;2024-05-02;15889;same;after fingerprint;mmm queasily emigrate;faint bestseller;deter;2024-05-02;2024-05-02;2024-05-01;2024-05-02;30907;response;wherever duh oof;magnetize rightfully till;zowie hmph while;if air tulip;as lest likewise;loyal structure;questioningly;gosh amidst;ha feisty;testy apud;upbeat;why huzzah;but;drat impartial seafood;turnstile brr;whereas cafe throughout;geez;overconfidently;2610;republic cold;4917;11296;down bashfully;idle firsthand fooey;yum;maestro clever;every duckling yum;soon jovially enormously;ah regarding;worth between oh;phew of;10259;25436;unlike underneath;regroup motivate gently;harsh ha partridge;lour silly;although wherever;journalist honestly;dearly fortunately flicker;under;however eject;times vaguely gah;2024-05-02;amid;verifiable victorious moral;partially;retrench solitaire;what;concerning aha who;abaft shape supposing;warlike gadzooks;guest below;after ah;but merrily adventurously;pish;aboard;coincide well-to-do;aha;above beside;notwithstanding anorak transmit;sanction phooey;quickly;as after athletic;RON;around though boo;avow;an;essential;queasy;loyally boycott dine;fennel;by presume svelte;resect why despite;manacle because;modest self-assured phooey;unbuckle whether once;around;mmm;blah firm without;blush;ark sports creativity;24753;2024-05-01;2024-05-02;24252;17658;ophthalmologist;composed elegantly;bah shred jink;whenever;buffet;gah crew authorized;reimburse duh;gosh effectiveness parole;2024-05-01;likely;insulation childbirth via;mortally;hum yippee;kissingly circa;excitedly;ack mysteriously breathalyze;lest before;abandoned once if;where for since;scam quack melody;after in boo;owlishly;anenst aw;supposing weighty theorise;cackle;separately torpedo;pootle;yearningly reform including;haunting;though;thick;stylish unabashedly;usefully;alongside;able;happily after busy;sweetly;while;at;apud yowza;as knobby;blissfully psst save;pro;chatter inside;resort whoever diluted;far phooey;in;blindside;communion tricky cultivator;product likewise;yum capon provided;736;27149;202;12968;12723;19812;7423;1006;17861;28792;14395;12554;5723;18312;3749;29709;14129;12356;12575;23750;13104;6218;22258;19364;31629;21398;4118;8188;8531;16552;19308;6591;17496;32069;29184;4699;26445;21822;2936;4721;2024-05-01;2024-05-01;2024-05-02;2024-05-02;2024-05-01;2024-05-01;2024-05-02;2024-05-02;2024-05-01;2024-05-02;2024-05-01;2024-05-02;2024-05-02;2024-05-02;2024-05-01;2024-05-02;2024-05-01;2024-05-01;2024-05-01;2024-05-01;16249;furthermore despite hairy;even once before;pearl ammunition waterlogged;bony unto;while;commercial plus;victoriously er hm;hm;last;acidly worn than;dictaphone;shrilly;favorable mysteriously;how;marshal ugh justly;punctually;medical;anti;sardonic;because;sandy pish;nippy tourist midst;till;unexpectedly;qua yearningly galley;hungrily ah bikini;brave brisket and;geez phew;after sentencing;till gah;whether;smoothly;wherever;32192;meh blind deliberately;aha blanket;lively whose;anime harsh yippee;yieldingly;close inasmuch anti;incidentally wetly;mmm;27063;wherever quirky;ultimate grave gray;3837;turtle whose advantage;protection bode as;beyond quill;provided;though;over french underneath;instead;pancake an;how struggle;23183;jovial;slide new prizefight;2024-05-02;indent mid quaint;stretch marksman;bushwhack;2024-05-02
