id;address_id;address_type;address_1;address_2;address_3;address_4;barcode;begin_date;chain_code;city;city_ext;cleansed_datetime;cleansed_errormsg;cleansed_matchstatus;cleansed_status;cleansed_validationstatus;country;end_date;foreign_country;in_care_of;inactive_date;insert_date;insert_user;language_code;laptop_change;last_updated_resort;name_id;primary_yn;province;state;update_date;update_user;zip_code
1;699;tactics stimulating double;pickaxe nor nor;pacify flagellate for;poorly till;concerning harrumph;sweat gadzooks when;2024-05-02;during upon proportion;Catalina Foothills;psst or;2024-05-01;assistance immobilise;lest publishing logo;tall;frankly grizzle;Pitcairn Islands;2024-05-01;naturally;bleat disincentivise;2024-05-01;2024-05-02;10082;whether;10324;yahoo over adopt;29604;acquit warmly;over worst as;at blah;2024-05-01;27431;47757-6840
2;9733;for agile smooth;mar supposing husky;into;down;bogus submissive;concerning fake colonization;2024-05-01;near;Bobbiebury;alongside armadillo;2024-05-02;mid orchard;proceed excluding;dearly;piece;Lithuania;2024-05-01;energetically;limply;2024-05-02;2024-05-01;14269;where thorny;15030;awful once ack;5559;eventuate ick;aboard flinch aw;aw;2024-05-01;30318;31009-7168
3;29782;along mature;lest;sip dip against;authorization;slash atrophy;lest engage;2024-05-02;eek unabashedly till;Littleburgh;sniff wrapping;2024-05-01;baby rhythm unwilling;handsome;promptly unexpectedly ticket;collocate;Bermuda;2024-05-01;woot;another;2024-05-01;2024-05-01;27765;given ack as;20471;trill;18776;lieutenant duh;among if;failing supervene;2024-05-01;28603;60631-5811
4;26734;duh advance;furthermore found;mmm best;serialize;solemnly heron consequently;if during;2024-05-02;whose softly ha;Watsicachester;phew importance fragrant;2024-05-01;dump accounting prune;foolish;ambiguity violently;recast slim;Lao People's Democratic Republic;2024-05-02;mechanically yet;solidly stimulate neatly;2024-05-01;2024-05-01;21157;out versus;4850;inasmuch;29838;grandfather unabashedly bah;yowza sensationalize;yippee;2024-05-01;14440;74162-9677
5;7623;urgently around especially;cleverly teaching;formalize as;cosh intervenor;unfit apropos;what modulo;2024-05-02;however till;North Jonathon;barring um red;2024-05-02;absent ew;warm;once eclipse;strange;Benin;2024-05-02;full;yahoo despite speedily;2024-05-01;2024-05-02;2515;versus ew;9872;yowza spruce;22809;even;consequently beneath;empty when;2024-05-01;23003;65216-5756
6;24299;external eek;reconnect since unsaddle;before shade hourglass;in randomize plenty;cheerfully balloon;indeed;2024-05-02;definitive bleakly huge;Cedar Park;urgently solemnly mmm;2024-05-01;bah mainstream yippee;now why regarding;patiently;brr;Uruguay;2024-05-01;considering;medium;2024-05-02;2024-05-01;7328;interestingly beyond gadzooks;11297;an nor violet;5901;harsh yowza;eat ack;copywriter;2024-05-02;295;67776-8396
7;26974;supposing stot jovially;faint deaden comic;not empathise meh;yahoo;circa;molt opposite;2024-05-01;decontrol boohoo;Pearlfield;oof;2024-05-01;furthermore;amongst lowball;tree deforest heavily;shocking afore microwave;Romania;2024-05-01;shove;in;2024-05-01;2024-05-02;10741;ouch;23087;shoulder whenever;17819;boohoo yuck;vivaciously positive dog;puffin;2024-05-01;5920;76646-6975
8;31132;whoa yippee;shyly tick provided;before vacantly to;chuck ejector;basics where mortally;coolly;2024-05-02;bah lest;Altenwerthstead;afore until impeccable;2024-05-01;openly;how indeed;till harald;even minus round;Burkina Faso;2024-05-02;honestly stole;excepting supposing stanch;2024-05-02;2024-05-01;19320;terribly about without;6461;deceivingly tinker;24961;ugh upwardly;meh lowball;yearningly;2024-05-01;15285;93162
9;3359;but;mastoid clue;however brainstorm;tense normal;what regular why;mmm out zowie;2024-05-01;distorted;Spring;till while nutritious;2024-05-02;except;oof complete;gadzooks;uh-huh next;Cameroon;2024-05-01;whether cultivated rocket;frayed within verb;2024-05-01;2024-05-02;16734;as forthright including;10108;till embellished where;9054;feed;cloudy lunch shoulder;given but;2024-05-01;21848;75312
10;28191;whoa;for psst;dad;besides utterly;stealthily afore;likewise;2024-05-01;ack;Annettaborough;concrete;2024-05-02;phew manhunt yawningly;willfully terribly;not thin below;truck unrealistic;Tunisia;2024-05-02;among how;um;2024-05-01;2024-05-01;967;yum;30249;through beneath;18031;sharpen breathalyse wrongly;promenade;phew acclaimed;2024-05-01;4198;91795-9893
