id;resort;resv_name_id;name_id;name_usage_type;contact_name_id;insert_date;insert_user;update_user;update_date;resv_status;commission_code;address_id;phone_id;fax_yn;mail_yn;print_rate_yn;report_id;resv_no;confirmation_no;begin_date;end_date;fax_id;email_id;email_yn;consumer_yn;credit_card_id;financially_responsible_yn;payment_method;intermediary_yn;posting_allowed_yn;display_color;actual_check_in_date;trunc_actual_check_in_date;actual_check_out_date;trunc_actual_check_out_date;credit_limit;authorized_by;parent_resv_name_id;cancellation_no;cancellation_reason_code;cancellation_reason_desc;arrival_transport_type;arrival_station_code;arrival_carrier_code;arrival_transport_code;arrival_date_time;arrival_estimate_time;arrival_tranportation_yn;arrival_comments;departure_transport_type;departure_station_code;departure_carrier_code;departure_transport_code;departure_date_time;departure_estimate_time;departure_transportation_yn;departure_comments;cancellation_date;guarantee_code;wl_reason_description;wl_reason_code;wl_priority;do_not_move_room;external_reference;party_code;walkin_yn;original_end_date;approval_amount_calc_method;amount_percent;name_tax_type;tax_exempt_no;room_features;wl_telephone_no;video_checkout_yn;discount_amt;discount_prcnt;discount_reason_code;commission_paid;commission_hold_code;trunc_begin_date;trunc_end_date;sguest_name;membership_id;udfc_01;udfc_02;udfc_03;udfc_04;udfc_05;udfc_06;udfc_07;udfc_08;udfc_09;udfc_10;udfc_11;udfc_12;udfc_13;udfc_14;udfc_15;udfc_16;udfc_17;udfc_18;udfc_19;udfc_20;udfc_21;udfc_22;udfc_23;udfc_24;udfc_25;udfc_26;udfc_27;udfc_28;udfc_29;udfc_30;udfc_31;udfc_32;udfc_33;udfc_34;udfc_35;udfc_36;udfc_37;udfc_38;udfc_39;udfc_40;udfn_01;udfn_02;udfn_03;udfn_04;udfn_05;udfn_06;udfn_07;udfn_08;udfn_09;udfn_10;udfn_11;udfn_12;udfn_13;udfn_14;udfn_15;udfn_16;udfn_17;udfn_18;udfn_19;udfn_20;udfn_21;udfn_22;udfn_23;udfn_24;udfn_25;udfn_26;udfn_27;udfn_28;udfn_29;udfn_30;udfn_31;udfn_32;udfn_33;udfn_34;udfn_35;udfn_36;udfn_37;udfn_38;udfn_39;udfn_40;udfd_01;udfd_02;udfd_03;udfd_04;udfd_05;udfd_06;udfd_07;udfd_08;udfd_09;udfd_10;insert_action_instance_id;dml_seq_no;business_date_created;turndown_yn;room_instructions;room_service_time;event_id;revenue_type_code;hurdle;hurdle_override;rateable_value;restriction_override;yieldable_yn;sguest_firstname;guest_last_name;guest_first_name;guest_last_name_sdx;guest_first_name_sdx;channel;share_seq_no;guest_signature;extension_id;resv_contact_id;billing_contact_id;res_insert_source;res_insert_source_type;master_share;registration_card_no;tiad;purpose_of_stay;reinstate_date;purge_date;last_settle_date;last_periodic_folio_date;periodic_folio_freq;confirmation_leg_no;guest_status;guest_type;checkin_duration;authorizer_id;last_online_print_seq;entry_point;entry_date;pseudo_mem_type;pseudo_mem_total_points;folio_text_1;folio_text_2;comp_type_code;uni_card_id;exp_checkinres_id;original_begin_date;owner_ff_flag;commission_payout_to;pre_charging_yn;post_charging_yn;post_co_flag;folio_close_date;schedule_checkout_yn;custom_reference;guarantee_code_pre_ci;award_membership_id;esigned_reg_card_name;statistical_room_type;statistical_rate_tier;ym_code;key_valid_until;pre_registered_yn;tax_registration_no;visa_number;visa_issue_date;visa_expiration_date;tax_no_of_stays;asb_prorated_yn;auto_settle_days;auto_settle_yn;split_from_resv_name_id;next_destination;date_of_arrival_in_country;pre_arr_reviewed_dt;pre_arr_reviewed_user;bonus_check_id;mobile_audio_key_yn;direct_bill_verify_response;addressee_name_id;super_search_index_text;auto_checkin_yn;email_folio_yn;email_address;spg_upgrade_confirmed_roomtype;spg_upgrade_reason_code;spg_suite_night_award_status;spg_disclose_room_type_yn;amenity_eligible_yn;amenity_level_code;base_rate_currency_code;base_rate_code;local_base_rate_amount;phone_display_name_yn;resort_charge_number;mobile_chkout_allowed;mobile_view_folio_allowed;hk_expected_service_time;eligible_for_upgrade_yn;begin_system_date_time;mobile_checkin_allowed_yn;quote_id;manual_checkout_status;mobile_preferred_currency;mobile_action_alert_issued;external_efolio_yn;opt_in_batch_fol_yn;folio_addr_element_id;opera_esigned_reg_card_yn;resv_guid;advance_checked_in_yn;expected_time_of_return;etr_comments;opted_for_comm_yn;credit_limit_auto_pay_allow_yn
1;astride however;31145;23024;pleased;1100;2024-05-01;21739;5441;2024-05-01;upright even instead;unto excluding needily;17700;28857;hawk;wherever lumpy;bronze than platter;revitalize gosh extraneous;11324;motivate actually than;2024-05-01;2024-05-01;11907;12349;creature;near gosh adore;17835;immediately seemingly yet;silent;absent whereas;across;yesterday phooey hm;2024-05-01;2024-05-01;2024-05-01;2024-05-02;15561;2884;12160;across collard following;why hence;through;translate;zealous crumble that;enactment whoa naturally;angrily monocle offensively;2024-05-01;2024-05-01;indeed pose off;unless hmph as;especially than;until positively;after than;factorise;2024-05-01;2024-05-02;focus;instead;2024-05-01;privacy revile beg;pucker slick yippee;chilly quaff;bah brr;beneath yum;acid;ultimately;sans around whereas;2024-05-02;3223;15931;append;super;gerbil clumsy grumpy;frugal furthermore tell;sort;9781;2507;gah concrete;24086;excepting low;2024-05-01;2024-05-01;whether inasmuch;10762;aw underneath;hastily concerning furthermore;solidly;strong closely;edger;sneaky because almost;minus;apologise till idolized;towards far-off;except;museum bah;sign until or;page;nor tangle leach;strap across;uselessly conjoin;rotating;passage;drum knavishly;a um;likewise;huzzah alongside;provided;tasty;upbeat potentially;accommodation;demoralize;but;world if;thirsty;yet an profuse;and notwithstanding;loose;regularly;football;step-father lovable but;oh tightly;notwithstanding generously;ugh blah;oh;13342;10594;8995;28329;22365;32493;32425;11837;32613;30285;2369;4479;31429;3892;626;953;20545;27158;8773;1513;22197;5730;20164;23634;25596;21252;15171;26457;13895;7003;15966;6960;24816;14502;16900;8761;13242;21016;19704;26046;2024-05-01;2024-05-02;2024-05-01;2024-05-01;2024-05-02;2024-05-01;2024-05-01;2024-05-01;2024-05-01;2024-05-01;22917;18134;2024-05-01;hence readdress;where so tenderly;hmph ferment;30420;far;10327;whoa;29348;gee caw until;conduct reckless;into finance;close agonizing ugh;via;likewise underneath;tennis;once;25036;wise hm strictly;5380;8239;25198;disapprove fabric;mad whereas carefully;thin;son patentee sky;cheerfully whose;undershirt compress;2024-05-01;2024-05-02;2024-05-02;2024-05-01;9148;29532;oddball roof;fooey hit alongside;20206;21209;30507;skulk immediately helpfully;2024-05-01;plus;13752;jubilantly overlay;oof because as;mailer boohoo whether;gladden helplessly bath;18189;2024-05-01;betide without;promptly;scrim thermostat indeed;repulsive sparkling;surprisingly aw whether;2024-05-02;jettison blah greedily;meh;costly norm;13811;psst failing where;9623;18445;extroverted worth meanwhile;2024-05-02;briefly mmm politely;24653;duh;2024-05-01;2024-05-01;25943;free supposing;18717;suspiciously menacing;8172;joshingly latte lest;2024-05-02;2024-05-01;2667;13392;lucky;papa eek reassuringly;24056;stormy;gnat;endanger;onto creamy;outside fork;thankful drat;than jovially;fiberglass outgoing attract;than;bleakly perfumed shyly;gosh;phew information;14150;rage although tender;lively cash;furthermore bargain constrain;until including what;mentor;whether bowl;2024-05-02;hmph towards;toward next;indolent because;after saviour;2024-05-02;sizzle;huzzah so although;903;woefully;ugh oof;mundane whoa;2024-05-02;similar whereas;yuck;blowgun assist
2;than;28922;11459;gah like through;5759;2024-05-01;20346;13068;2024-05-01;throughout yuck forthright;apud;16365;4031;of;beneficial;gosh;prior array pish;12487;bleakly understudy inasmuch;2024-05-02;2024-05-01;3748;12529;account;lest;11906;belie;blissful vice infamous;lumpy;madly;magazine;2024-05-01;2024-05-01;2024-05-02;2024-05-01;21553;19914;22867;furthermore;desire loudly helpfully;for;anenst carelessly;contributor opposite;demur verbally miserly;nor;2024-05-01;2024-05-02;fervently;apud;shady;furthermore since matter;phooey qua truck;lighten likewise;2024-05-02;2024-05-01;propose um hopelessly;vacantly too;2024-05-02;sea boohoo repeatedly;concerned foot thermostat;racing;ignorance;wonderful which;everlasting during engrave;up stoke cauterize;however vehicle pro;2024-05-01;24918;32260;repeal doting;afore worse unethically;damp;huzzah;parallelogram curvy cluttered;28320;2597;woot;22898;jovially hateful;2024-05-01;2024-05-02;hmph miserably;21558;devoted;that uselessly zowie;though;heavily ouch;pocket supply off;toward sew begonia;aw for;weakly;real pfft men;whose and;ouch tumble;drat partial growing;reconstitute a supposing;speedy glistening defraud;tugboat indeed;boohoo quirkily;bombard;company;entitle duh hence;like;ugh;yellow cage gadzooks;upright frankly;oof attainment including;huzzah;precious gah that;jealously;yum out;rudely sponge;because when;after;measles thatch;jest chubby;repair oh;commuter negligible;yap;liquor ordinary;as finally;steeple unethically;forage;14707;8553;11504;8314;22067;11;11731;17583;17648;25077;26081;10968;17810;5045;14172;9050;19705;7466;11637;7611;23176;25862;15911;16690;20110;6060;29530;29939;5557;2941;26952;13731;28662;20956;6001;32540;8558;29939;25822;11266;2024-05-01;2024-05-01;2024-05-01;2024-05-02;2024-05-01;2024-05-01;2024-05-02;2024-05-01;2024-05-02;2024-05-01;24556;15326;2024-05-01;now;yet succotash;ah spot;3579;dreamily easily;20196;immediately unto present;16129;bleakly;pace;cooperative loose wimp;clearly eek electric;misrepresent majestically;awkwardly;wetly;hence aw organization;8369;optimistically;31804;7883;21019;gadzooks abaft;overflight as lively;strap;nifty drink;loyally briskly tattered;hm atop;2024-05-01;2024-05-01;2024-05-01;2024-05-02;15328;3924;past fooey manufacturing;dream;4440;5742;29519;until opposite prepare;2024-05-01;deliberately scarily among;14873;cannon;abaft joyously almost;with;driver digital;6272;2024-05-01;next;barricade;so sprinkles beside;perpetuate;upliftingly;2024-05-01;question;wherever although;notwithstanding role pfft;2818;jubilantly;13935;1742;provided;2024-05-01;actually gadzooks;16755;burdensome firsthand;2024-05-02;2024-05-01;6818;which which trepan;6493;since;636;trusty salary on;2024-05-01;2024-05-02;27678;18285;blah;brr;8745;hefty;confidentiality amid;pinworm dearly;knotty or;normal;greedy who premeditation;under at besides;boohoo cruelly ha;offensive owe;during;duh redirect;hmph sulks;18320;right;unfasten;vice annually;fooey our;modulo through;hm symbol so;2024-05-01;revoke;bowdlerize when;welfare;odd;2024-05-02;tomorrow wish;lysine supposing why;9027;incidentally;evergreen;what save transport;2024-05-02;standard foreshorten too;yuck robust grubby;upwardly as athwart
3;modulo;30557;22721;style;18877;2024-05-02;8675;19877;2024-05-02;interact without ouch;ha amid arid;7392;11191;yum slowly tooth;roughly;whenever now;ventilate;4490;afore hmph reciprocate;2024-05-01;2024-05-01;28861;31636;cruel kindly brightly;doorbell;12637;pond;ugh;versus;mmm enthusiastically waken;fooey cooked;2024-05-01;2024-05-02;2024-05-01;2024-05-01;7582;25026;22622;gah lacerate;but showboat;swiftly;although;shear airfield;given why before;half;2024-05-02;2024-05-02;than than;miscalculate;elliptical uh-huh;roll;recruit;since up;2024-05-01;2024-05-02;than loudly;gleefully because;2024-05-01;bafflement reorganize;before;grape;transfix jubilantly rework;while thunderous welcome;phooey;embalm;tonality boohoo;2024-05-02;4470;26381;duh;slider without;amortize;busily boohoo violently;whenever safe;24495;23707;even;20306;bashfully vibrant;2024-05-01;2024-05-02;ew regarding;8269;mat blah below;gosh;supposing goldbrick;intensely beyond calmly;gladly dwarf;er since;sensor livid;boyfriend serious interval;hence;complicated so strengthen;hypothesise;undulate;however mister cramp;behave around;and;which meet;although amongst near;instantly nor joyously;esteem;mortally jaggedly;journalist amongst debt;hourly octave;longingly;insignificant;if anenst patio;down dreamily unburden;fickle knotty huzzah;teleoperate unless;zesty childhood pretend;militate gee;from;wherever depose;obediently;vest;used integral;instrumentalist;ajar;absent disguised;gee supposing;ethernet versus;15469;18767;3734;28999;29301;1653;13562;20363;6330;26818;13931;28902;23847;25493;11877;16436;31744;12323;31059;6473;11624;13936;5849;5888;31716;23102;24932;1437;25358;8631;13640;3913;32412;7771;11979;12001;16667;26989;5134;20655;2024-05-02;2024-05-01;2024-05-01;2024-05-01;2024-05-01;2024-05-01;2024-05-01;2024-05-01;2024-05-01;2024-05-01;8181;2739;2024-05-01;movies;unfortunately key;drat rubbish;3958;disloyal definition yowza;26527;usefully at;29978;wildly doubtfully clearly;a;with;bundle;envelope nor;memorable candid;gracefully where;scornful that;21659;grubby sultan meanwhile;25429;4192;24828;frolic baffle uh-huh;worth raze oh;provided mmm er;below oh mild;out aside;shallow the miter;2024-05-01;2024-05-02;2024-05-02;2024-05-01;28137;13382;bubbly;over er;31373;20412;29360;gah;2024-05-02;nor gopher;21789;onto;ah;ack following fiddle;tenor beneath atop;8491;2024-05-01;unite;ouch sympathetically;yuck oof disagree;however formal;drat while whether;2024-05-01;seldom stretcher prime;straight;beside slowly provided;21809;at certainly where;9710;27193;after specific which;2024-05-01;base within;1124;mull sad;2024-05-01;2024-05-02;9834;whether sans;4921;of phooey hose;10844;hummus weekender;2024-05-01;2024-05-01;24214;18786;mmm circular;or for;6346;native;engage dish that;aboard fooey unaccountably;abstain plus;torte till bitter;psst aged;timer;single;complete hmph;judgementally;frolic unexpectedly;how;28586;hemorrhage forceful nonconformist;annually always so;amenity besides;phooey wetly;swiftly;discrete as;2024-05-02;guitarist however;buyer wobbly;yum;gliding;2024-05-01;scope beside;flummox upwardly;7040;worth nor;splendid;specific ack vacantly;2024-05-01;brick;furthermore ease;taste webbed
4;bony duh storyboard;12633;27678;notwithstanding;4104;2024-05-01;17441;21113;2024-05-01;following dignity too;aboard like underplay;13547;27752;towards diary caddy;crush whoever urgently;joyfully aboard desktop;splendid alongside;9782;pretty;2024-05-01;2024-05-02;7485;28565;colorful improvement upon;athwart fervently;7692;bag;airport;pin winner gee;modulo folder;really fooey unless;2024-05-02;2024-05-01;2024-05-01;2024-05-01;13033;10998;20204;egg ha;used phew;as inscribe scorch;near provided like;woodchuck concerning sardonic;nonsense;classic mushy;2024-05-01;2024-05-01;trail;sniveling;shrilly good-natured reopen;inside arm desire;disrespect;tepid crooked;2024-05-01;2024-05-02;burdensome;furthermore righteously which;2024-05-02;before;advanced however;blushing;boohoo past evening;how pole disparage;coordinated regarding;sweetly less buy;yet harp;2024-05-01;24835;8213;hard-to-find;bind;telnet;uh-huh;poised generously;300;29941;gosh;7311;scientific well-groomed gee;2024-05-01;2024-05-01;until ah transform;21589;quarrelsomely banjo unwilling;towards experienced generously;for since;watery gaseous once;joyously;ack;atop;mortified;adept crush aboard;jumpy;oddly by;hmph rude;worth yum that;about earplug;pleased after;yearly;whereas barnstorm;nutritious without checkroom;pine;stupidity;aside tenderly commonly;defiantly apt into;who after hydrant;sorrowful lest retool;commence meanwhile consequently;treasured;likewise crazy;yuck from;broadly;aside sizzling between;lavish softly;economize;yowza number;pish premeditation;evil overwinter yahoo;versus;disafforest crisp phew;aside oh hutch;phew;toad;1843;25654;23603;4762;11561;27713;22242;16319;4601;14816;14369;28776;10793;2477;31209;646;29386;5510;1928;9587;14686;3406;6813;1812;32171;9437;21609;25066;23428;12468;2013;23657;8941;5925;15475;13631;9197;15552;29477;9045;2024-05-01;2024-05-02;2024-05-01;2024-05-01;2024-05-01;2024-05-01;2024-05-01;2024-05-01;2024-05-01;2024-05-01;25552;6746;2024-05-01;lest collector;suburb sheepishly hanker;down beneath;28430;tranquilize upside-down;22100;ligula that;21112;next oof;yum mysteriously unto;hearken;puma readily;before;sedately towards beneath;meanwhile anti towel;mystify;3349;appreciate;15703;23146;7744;unlike whose which;seminar yolk known;unto yum;loftily;persuade ugly elegantly;kill vivid eventually;2024-05-01;2024-05-01;2024-05-02;2024-05-01;14551;15586;sadly surprised brutalise;yahoo processor;26427;16770;19128;overplay;2024-05-02;yum prioritize disinhibit;19821;up until;belief angrily fatally;eek gleefully;vice;26871;2024-05-01;needily ravioli underneath;than provided;rosemary phew;off;flag during;2024-05-02;wide;shallow inasmuch;inasmuch nor;3678;nice grape probable;27413;3403;water;2024-05-01;comfortable gah so;2865;worth;2024-05-01;2024-05-01;20694;whose because;12480;recent;5454;suspicious yellowish;2024-05-01;2024-05-01;12686;32048;inconsequential;why suckle;23525;content bah harpoon;although double;diligently rhubarb yahoo;judicious carrot;unless;manacle relax;around;square;invoke around yippee;cooperative;round abbey forsaken;gnaw;12176;aggressive an;knottily lean novel;brr fedelini yum;inwardly oh;incomparable generously;physically incidentally;2024-05-01;schuss infantile;weekender artistic;fatten;woot shuttle brr;2024-05-01;complain so that;geez joyously sow;12838;hm yum whoa;entertain ugh;bah;2024-05-01;until lined around;serialise before mmm;under
5;once;23656;6393;almost;29010;2024-05-01;12642;22229;2024-05-02;while;whoever;21044;210;hmph further;overconfidently;atop;now likewise nicely;3782;proud hardhat;2024-05-01;2024-05-01;5478;4570;forenenst;except frantically duh;20316;ouch;mysterious psst whoever;duh;ringed;potable however ammunition;2024-05-01;2024-05-01;2024-05-01;2024-05-01;741;26349;10702;hurry divan;barring yoke;boo;coarse identical under;produce valid tube;cirrus;instantly;2024-05-01;2024-05-01;roughly;plus idolize ew;once oof with;hundred monthly to;harmful snap furthermore;trawl;2024-05-01;2024-05-01;burdensome across;ugh;2024-05-01;expert astonish;gash pessimistic;despite;present;during highly uh-huh;dazzling smolt hunger;breathalyze;throughout;2024-05-02;7282;28767;aboard drat;acceptable;top brr;paltry;limo unwilling well-off;4416;297;who live;22346;aggravating;2024-05-01;2024-05-02;circa;31797;likewise;whopping;powerfully impale;esteemed;photographer authentic inspect;considering;dynamo bumpy neuropsychiatry;supposing uh-huh;gosh;yahoo;smolt less;what round subsidise;psst;so;round provide goggle;unto courageous biff;order;distend oh;unlike;ah;quadruple hinge;pfft however briefing;kissingly;that impeccable;after;generally;recklessly imprisonment;healthily;codify than;clipper;outclass;naturally;wherever;overexpose;and eject grout;destock bullet follow;with eek quizzically;conk fumbling egghead;and amid;uninstall gah per;11299;1326;1653;25805;15923;25175;32197;9917;26330;15711;22800;10587;19926;30729;22909;24675;14098;11717;25563;15730;12338;26585;31442;24109;31606;24090;13522;25904;27813;9575;24036;28283;14656;31681;9424;31428;14639;9410;15651;7675;2024-05-01;2024-05-02;2024-05-01;2024-05-01;2024-05-02;2024-05-01;2024-05-02;2024-05-01;2024-05-01;2024-05-01;3520;15679;2024-05-01;gosh;extent;ah;20462;between even;3159;transom aha lest;24055;till ingratiate;whether clean;till upright;pitiful between including;and upon ha;coliseum on;crown;nor sentimentalise make;2494;austere not downlink;11530;13647;31181;burrito;different;abnormally;warped well;versus;given close worldly;2024-05-01;2024-05-02;2024-05-01;2024-05-01;31610;27591;subject legalize;instead farmer;13493;13528;7814;across inquisitively;2024-05-01;but;16548;unethically;meh;pish;because exit;31985;2024-05-02;ouch punctuate now;regarding;gravitas discrimination victimise;that closed whoa;whirlpool;2024-05-02;gee;opposite ultimately;drat remedy demist;25460;natural yahoo;16311;10159;uh-huh happily scarily;2024-05-02;incompatible trusting hibernate;16816;before;2024-05-02;2024-05-01;20281;yowza;19336;promise;12274;reception nor like;2024-05-01;2024-05-01;26576;32536;stunning because;after;31050;armrest;pony official;excepting ugh intensely;really hm;bitterly dart waterproof;fumbling methinks mountainous;sough although vice;exactly eek;throughout grade bulldozer;yesterday;boohoo energetic halve;pale;9958;aboard hence code;ladder symptom whereas;woot minus as;meh however mortally;merrily beside;though;2024-05-02;coyote;lovingly;alongside after;orphan;2024-05-01;hence because positive;sans verbally;6288;helicopter although awful;fooey although;in following;2024-05-02;across;mature compassionate;overconfidently
6;for;19579;31872;phew;9724;2024-05-01;19640;18900;2024-05-02;slump mRNA;amidst;6720;29714;dry aside aha;disease;crick cranberry detainee;forenenst useless;23420;limp;2024-05-02;2024-05-02;28735;19328;anti business;hm;11007;since;whereas blah;outlandish impolite fooey;galumph;insistent phew;2024-05-01;2024-05-02;2024-05-01;2024-05-01;31491;27401;23323;lazily huzzah orchard;brave tenderly infect;amidst bulky situate;if squish;how watery yuck;pace whistle;scaly;2024-05-02;2024-05-01;vitrify what;till presume freely;oversimplify anti;advancement a;although;sharply hunch;2024-05-02;2024-05-01;whoever whether;glint tensely mate;2024-05-01;metal;interchange thrive sociable;drat rhyme pace;secrecy;pfft total majestically;besides powerfully that;within clock;how annotate;2024-05-01;17442;4542;revolve ha;versus blah geez;as justly banquette;yesterday vacant kip;yeast ack herring;9953;27480;till;23702;within;2024-05-01;2024-05-02;systematize;28882;gosh oldie;whenever;athwart questioningly;structure;throughout buy sheepishly;after;between meanwhile;mature;connive prioritize;powerful;globe lest accumulate;anti;happily;witty;finally stain;before;frequent wrapper solemnly;straight;meeting;absent tightly;greatly;unless incidentally;selfishly cadet acquaint;experienced hiccup after;circulation brisk buffer;contort;roughly;lurch;dump as regarding;unbutton fooey attached;drat bashfully gadzooks;likewise willfully as;until kindly;anxiously trusty weird;play fiercely oh;jealously instead questionably;modulo;inverse;modulo obediently;defiantly after;4903;24366;8188;12572;30678;30251;21203;21944;6804;28009;27347;11954;5551;22321;5784;17220;20358;4978;30018;15108;7783;23282;19951;28164;13339;7803;31359;14004;10226;23654;27343;8627;5978;30693;2127;4677;9619;29315;15609;9012;2024-05-01;2024-05-01;2024-05-01;2024-05-01;2024-05-01;2024-05-01;2024-05-02;2024-05-01;2024-05-01;2024-05-01;5243;4296;2024-05-01;root ick rostrum;despite serene alibi;throughout only but;26045;boo damaged;11455;beast numeric;24648;sign medical marker;hence;mmm after;aha;hungry deafening ick;meanwhile than;discrete;armament chain;7646;canvas fortunately disembowel;9322;26913;27904;between oh waterfront;modern useful gosh;offensively;about;except far-flung embolden;fooey on;2024-05-01;2024-05-02;2024-05-02;2024-05-01;2833;31495;shroud quickly;convey;2029;15064;29331;programme mansard nor;2024-05-01;following;9380;salt;slog boo;nor frankly hackwork;and until loss;31503;2024-05-01;unfortunately that;soprano youth prudent;about;propagate below equally;afterwards but frightening;2024-05-01;peek quirkily;damp patch;unselfish even brr;17355;ack consequently;17450;4564;playfully regarding;2024-05-01;furthermore elbow;26503;resist;2024-05-02;2024-05-02;30316;finally oof;17090;retouching;2217;unearth so around;2024-05-01;2024-05-01;25755;3640;recrudesce the halve;watery inquisitively;8525;bleakly pressurisation laundry;empty ew woot;paintwork ugh;frail er strand;although;meh honest;feast amidst lest;gladden woot;yet rigid;exchange;given;reliable cost;30904;diligent;tram so;equally;pink;until;inasmuch tragic;2024-05-01;instantly if decisive;lacquerware bloom;swath without;tremendously;2024-05-02;paltry after fluffy;whoever nor;12553;high needily ack;pfft since;yieldingly alphabetize sans;2024-05-01;briefly oh likewise;er easily;meh cuddly
7;quizzically garbage;13235;11887;terrific hard-to-find after;30123;2024-05-01;28651;2482;2024-05-01;crystal regarding;crown canine spotted;4547;2210;by blah sanity;soccer bat than;aha;next bass like;2322;filch;2024-05-01;2024-05-01;21059;23309;because inasmuch oh;hold accidentally institute;13658;tenor indication;worth or yippee;before;under stark viciously;vigorous briskly;2024-05-01;2024-05-01;2024-05-01;2024-05-01;17646;12176;5005;anti vegetation retire;quarantine pinkie pale;midst rip;amidst meanwhile aha;trial view ugly;a but drat;loyally;2024-05-01;2024-05-02;that yet;from epoch;comfort mint than;below;some storyboard;as return;2024-05-01;2024-05-01;frame a incidentally;pace;2024-05-02;fooey backlight;wit;exotic;midwife scarcely ah;fondly until;runny monitor;ack sidle;scratch;2024-05-02;27352;18764;beside complete wide-eyed;fake;provided real;next recapitulation arcade;regarding phooey;14707;2735;valid how;18917;spherical well;2024-05-01;2024-05-01;modulo wetly aboard;6556;natural given hashtag;semaphore seaplane;forenenst grudge whereas;helpfully gosh;marvel lively;victoriously;inasmuch phooey;shock although;minister alongside since;meanwhile;veneer;aboard opportunity knavishly;above down;administer once;spring;bond oof;dinner circumscribe aquifer;whoever whether quarrelsomely;despite;why likewise regularly;ingratiate dialogue;frightfully super elegantly;modulo;aw until these;spit spanish;until mellow;with gee;kissingly fitting;unfortunate brr mariachi;opposite;rudely;often whinge through;reluctantly often squish;humble knowingly rehear;sweetly scarily;soap;vibration meh;before marry;backfire toward;which;18850;702;13369;6464;7110;31158;12794;379;11571;13003;9993;273;32280;23545;4401;11679;25943;20851;677;2698;7261;17863;26700;9044;13220;12963;26045;21947;1084;29410;13154;29193;22314;12682;25900;6513;10899;26660;3784;21984;2024-05-01;2024-05-02;2024-05-01;2024-05-02;2024-05-02;2024-05-01;2024-05-01;2024-05-02;2024-05-01;2024-05-02;28489;28334;2024-05-02;or consequently;fooey aha ack;atop;29652;triangular inasmuch stream;17663;willfully mechanically;25759;haunt arise;than toward;supposing;when;among accuse incidentally;indeed total;tightly border scrape;incidentally cordon;17097;purple;9359;5123;9995;anxiously;since;correctly than exit;penny more peacock;limited unripe;once limply soulful;2024-05-01;2024-05-02;2024-05-01;2024-05-01;27910;24976;astride;mundane flirt gadzooks;7214;30348;9601;fitting boo;2024-05-01;loftily ouch anguish;27958;hmph anenst how;frantically kindly anenst;incidentally;leapfrog;19279;2024-05-02;where quarrelsome;er;although eating;ordain bean lovable;hence yippee arrogantly;2024-05-01;through ridge;blah ostrich;unkempt woot weary;20882;wreak beneath;28116;27894;fondly swiftly phooey;2024-05-01;rebut giddy tutor;10745;travel frantically queasily;2024-05-01;2024-05-01;1304;boo;29326;how happily primate;3949;gosh standard laborer;2024-05-01;2024-05-01;22561;16754;greedily;hospitable;1968;successfully psst;spy;aw joshingly oof;controvert;easily pro;nicely now;or limestone unnaturally;mostly furthermore ack;though aw aside;although;outvote carriage;between;14276;swell ew selection;intermarry whether;clumsy;phew;stun pinworm fugato;and printing atop;2024-05-02;dispatch but;chorus of;muddy aha;short-term provided athwart;2024-05-02;loose consequently;inquisitively;26338;sparkling among yowza;monsoon;unhappy;2024-05-01;orange optimal;speedily sinful phew;fond fervently paper
8;upsell;19411;25362;blah;4940;2024-05-01;13566;9572;2024-05-01;dependent;flub but;388;3034;snack coop concerning;to labourer;or selfishly to;incredible zowie excluding;22315;yieldingly;2024-05-02;2024-05-02;29530;20702;powerfully;very chief;2709;warped trumpet unfit;ingredient gadzooks;juvenile helpfully blah;absent;lovable opposite including;2024-05-01;2024-05-01;2024-05-02;2024-05-01;32183;25167;19429;yahoo attentive;by;fooey of;entice;until hm soak;unless reaffirm;amongst greatly lest;2024-05-01;2024-05-02;enormous lime;anenst pasture fireman;woodland oof bat;woot pish instead;surprisingly unlike;following as worth;2024-05-01;2024-05-02;however impartial field;if vainly;2024-05-01;oh firsthand;frantically swoon;cute meh zowie;oof;likewise;elegant;fur dote;apud;2024-05-01;28483;4316;potentially joyously searchingly;although;however especially audition;knowingly;obviate zowie;25807;30449;corporation;18459;meaningfully fine;2024-05-01;2024-05-02;throughout;10789;tog;tomography boohoo;righteously shelve until;donkey chalk bring;captor uh-huh joyfully;tricky deeply;at yesterday incidentally;than minus alongside;over worst redraft;violently uselessly;qua how oof;yahoo suspiciously;meh moccasins;hourly ha;health barring militate;drat greatly;disastrous careless;inlay dense;daintily aw anglicise;gee yowza;amidst;pro;puny zowie besides;uncoil how disco;during acclaimed aw;however lest;instantly;deselect;knowledgeably tinted gadzooks;canonize amongst so;rapidly dishonour more;sickness excepting program;underneath decoration;twiddle;whenever;hmph carefree;tip;gosh supposing;uh-huh;suddenly desegregate needily;15998;30002;26980;19325;8331;5434;24952;11553;30512;29149;24061;9467;15734;22745;12961;10360;16652;27501;19777;22903;11450;26044;15488;19282;23605;23008;25291;7261;16681;19172;27142;1800;28139;11460;25309;21945;20245;2928;18261;20125;2024-05-01;2024-05-01;2024-05-01;2024-05-01;2024-05-01;2024-05-02;2024-05-01;2024-05-01;2024-05-01;2024-05-02;12957;3540;2024-05-01;believer finally yesterday;indeed useful divine;hungrily verbally;22972;among even accessorise;22696;toward plagiarism boggle;14358;square kookily;worriedly;whenever ouch swish;vivacious standard hence;hourglass seldom back;colorfully;redound to;frilly smart single;20677;lycra dishonest humiliating;5706;407;11501;a hm ha;between;pace;eek;gullible which upright;slowly solidly;2024-05-01;2024-05-01;2024-05-02;2024-05-01;3952;19737;youthfully acceptable;swerve;4085;14135;4132;absent blah;2024-05-01;digital innocent;31181;sheepishly than;decide bronze;careless boo;how oh before;21868;2024-05-01;impeccable whenever insistent;jail than;mulch darken;vice;apropos;2024-05-01;prevail;naturally excepting throughout;alongside atop;32709;faithful rapidly;7070;14078;atop gracefully tilt;2024-05-02;marry;11756;for;2024-05-01;2024-05-01;15374;instead strength;8159;and genuine since;14256;beloved shrilly;2024-05-01;2024-05-01;28868;23889;dismal until can;far-flung founder;23242;ouch competitor;starboard;over aircraft zowie;withdrawal spice;tricky eek;about pungent;for seeder;proof;why inhale;noxious regard;blindly ideal rigidly;forestall separately motor;10350;slippery furthermore;even mean irritably;up;examination promote;even an;off;2024-05-02;svelte automatic;despite arise;bah as er;amongst;2024-05-01;save ew inasmuch;creak helplessly below;15842;moist;mediocre consequently gargantuan;heckle suddenly;2024-05-02;staid documentary;upon;employer formal
9;envious sting through;2294;5760;cue beneath colorful;24286;2024-05-01;12262;13749;2024-05-01;exclude;deceivingly;25610;23011;program after upon;limply wealthy;big-hearted;ornery;22744;selfishly normalise;2024-05-01;2024-05-02;24648;19009;abandoned to;of;21417;soul;aha;constant hmph;ponce er;modulo pish;2024-05-02;2024-05-02;2024-05-02;2024-05-01;29264;10588;11336;flunk lest;often an rowdy;concentration whereas;frankly shudder abaft;colorfully;failing;properly;2024-05-01;2024-05-02;railing;seemingly;through unless;which even aware;off to gadzooks;whether till alternate;2024-05-01;2024-05-02;down;ugh paint soon;2024-05-01;forenenst horsewhip yippee;unless towards;brisk an since;during yuck;nor till pro;circumstance;steel since;pish degrade;2024-05-01;24154;8658;balloonist dumbwaiter;tree shopping;commission meh why;remortgage abaft;sweet yuck;14381;771;waft viciously utterly;29145;pro broadly makeover;2024-05-02;2024-05-02;when;24686;softly;tremendously obnoxiously;grandchild;unless;coin since;spice briskly congregation;although pair;unimpressively jealously;yum outstay;thirsty deejay;concerning anti whoever;setting meanwhile recline;checkmate for faithfully;medical onto primary;aha;digital trustee reassuringly;aha so happily;a round;average;abaft dizzy and;panda scared;learning;badly;drat;angrily bravely crate;whoa;alongside brr optimistically;which clank beside;truly;exit now;ouch best wonderfully;oof frantically;laborer;stiff;garage;shyly;next;worse;like since localise;sheepishly woot;22603;8538;10551;24483;30438;22099;24517;28151;10179;24883;20935;5081;16813;24379;8656;2930;11978;27911;17439;18322;28559;27499;7660;15038;16634;22246;17512;1314;13969;11270;14444;19399;25073;12206;9385;4270;12370;26588;1229;16147;2024-05-02;2024-05-02;2024-05-01;2024-05-01;2024-05-01;2024-05-01;2024-05-02;2024-05-01;2024-05-01;2024-05-01;10100;12428;2024-05-02;personal;opposite;gosh until;2378;phooey;28705;fiercely mailing;7736;strictly knottily greatly;aperitif;whereas;inasmuch ew whereas;waterlogged till tenderly;unless;hex;neat reassuringly;15225;unto;2322;12926;21113;withhold;onto mountainous;briefly as draw;awesome phew;hence taut;but;2024-05-01;2024-05-01;2024-05-02;2024-05-01;23537;30367;equally stiff;geez excitedly;29224;3460;7577;industry although skulk;2024-05-01;carrot above stitch;3217;zowie;extremely;tragic reluctantly;geez delirious;11343;2024-05-02;barring;meh;back;metallic sound cruise;wherever;2024-05-01;very flit;soon sheet midst;foolhardy beside as;30819;function fast;21674;23007;plus undercook swimsuit;2024-05-02;conformation whose accept;14193;fervently;2024-05-01;2024-05-01;21754;pumpernickel;26342;knavishly agglomerate hence;28406;actual;2024-05-01;2024-05-01;14072;17918;so pound;sweetly greatly subroutine;27436;yippee signify;pfft;boohoo yippee;out;after psst;than ick;meanwhile boastfully separate;inasmuch pedal what;pfft swivel;up metaphor down;waterski jug;within;12707;groom;empathise qua;bathtub;briefly whoever;into brass government;enfranchise near ack;2024-05-01;piglet close kissingly;excluding hatchling times;voluminous mechanically;excepting;2024-05-01;unnaturally;second because;3332;even mmm;but;assured;2024-05-01;happily indent interact;persevere across;competent cruelly evolution
10;whereas down;25489;1924;tunnel how;21497;2024-05-01;3809;9036;2024-05-02;attract imitation gadzooks;virtue;21658;907;prance temporariness exactly;bottle;attentive mutilate idolized;beyond;8818;unleash clarity;2024-05-01;2024-05-01;19123;6569;spleen;edible;28085;shrilly hungrily;despite webbed;whole;solemnly scan ah;lean prevaricate cooperative;2024-05-02;2024-05-01;2024-05-01;2024-05-01;20255;13661;31291;tile mainstream provided;lest ouch;so whenever;whoever;statistics;vastly since;institutionalize yawningly worth;2024-05-02;2024-05-01;burly competitor;aboard hmph where;heavenly;intent;function sans labour;ack;2024-05-02;2024-05-02;or;besides part huzzah;2024-05-01;taxicab er;secondary brownie med;drat abseil;herald rope besides;oh;oh barrel;catalogue whoa but;whose woot whose;2024-05-01;8235;25846;raw mmm;unethically emergent hunt;decommission;upon;perfectly;4217;9884;aha hastily;914;fooey front;2024-05-02;2024-05-01;times average;26108;shelve gregarious dissect;astride magic click;because whoever reboot;hence evenly;instead into;walk finally afore;ghost furthermore;forenenst;toward;flow chain behind;illness gosh yowza;next;slide carefully faint;of;rouse investor frail;whorl elite;daily cello;sans;incredible duck;modern;accountability what;half;until because;about hastily;whoever nor careful;because dependable;opposite which giving;psst;barstool;nature unconscious youthfully;credit than;bijou;per;ram;woot;equally after;procure when;gosh pish possible;geez so like;morale if repeatedly;23160;24003;22861;20569;19515;5293;29295;24693;7356;24979;18947;9409;6929;13115;15461;3021;19493;136;26464;24358;11423;20753;15652;29447;3516;31149;9086;14266;7597;10026;6034;7389;1816;20198;27484;12757;29063;15961;4595;19500;2024-05-01;2024-05-01;2024-05-02;2024-05-02;2024-05-01;2024-05-02;2024-05-01;2024-05-01;2024-05-01;2024-05-01;25128;19158;2024-05-02;thoughtfully classroom;whose left limply;ew clear-cut beanie;2786;along;1561;isolate by when;12192;why;finally neuron renege;flap psst;mud ick along;revenge phew hear;apprehension footage;giggle yippee;international afterwards;14878;fry incidentally;25133;3369;2684;handmade supposing bulk;off muddy whereas;delectable meh;after blight sibling;cold supposing;ew jubilantly throughout;2024-05-01;2024-05-01;2024-05-01;2024-05-01;26049;11516;temptress freon;ick;20166;14262;21424;trafficker hiccups;2024-05-02;shootdown;3703;usually since crew;fairly;reproachfully mean;cone instantly snarl;25035;2024-05-01;doff optimal reply;absent skeletal;thunderstorm even yum;if quickly for;which ugh;2024-05-02;climate awesome up;nor furthermore unbearably;what colorful clever;24;phooey tow;4323;7280;where;2024-05-01;an per regarding;29322;for besides;2024-05-01;2024-05-02;12399;as transfigure;14125;lightly;18366;meh bankrupt anti;2024-05-01;2024-05-01;26362;11726;babyish anxiously;quixotic of freely;22702;gadzooks;fatally bravely;strap until;whether;brr constellation whether;boast wherever;perfectly;reap necklace worriedly;gadzooks impeach;bravely;bird-watcher scruple vastly;upright;27343;negligible querulous abaft;tactile;yet ecstatic;calmly tenderly;amidst inside;talkative;2024-05-01;why powerfully alongside;while oof what;heal absent;shadow;2024-05-01;across entreat spook;alternate boohoo;16844;shriek geez;longingly cob;deadly;2024-05-01;however for;zombie eek;lest lap as
